RACEID,DRIVERID,CONSTRUCTORID,GRID,POSITIONORDER,POINTS,LAPS,FASTESTLAPSPEED,FASTESTLAPTIME,STATUSID,STATUS,POSITION,FINISH_TIME_INT_SEC,FINISH_TIME_STR,ESTIMATED_FINISH_TIME,AVG_LAP_TIME,ESTIMATED_FINISH_TIME_STR
1121,830,9,1,1,26,57,210.383,1:32.608,1,Finished,1.0,5504.742,01:31:44.742000,5504.742,96.57442105263158,0 days 01:31:44.742000
1121,815,9,5,2,18,57,206.468,1:34.364,1,Finished,2.0,5527.199,01:32:07.199000,5527.199,96.96840350877193,0 days 01:32:07.199000
1121,832,6,4,3,15,57,206.156,1:34.507,1,Finished,3.0,5529.852,01:32:09.852000,5529.852,97.01494736842105,0 days 01:32:09.852000
1121,844,6,2,4,12,57,207.069,1:34.090,1,Finished,4.0,5544.411,01:32:24.411000,5544.411,97.27036842105264,0 days 01:32:24.411000
1121,847,131,3,5,10,57,204.946,1:35.065,1,Finished,5.0,5551.53,01:32:31.530000,5551.53,97.39526315789473,0 days 01:32:31.530000
1121,846,1,7,6,8,57,206.223,1:34.476,1,Finished,6.0,5553.2,01:32:33.200000,5553.2,97.42456140350878,0 days 01:32:33.200000
1121,1,131,9,7,6,57,205.688,1:34.722,1,Finished,7.0,5555.066,01:32:35.066000,5555.066,97.45729824561403,0 days 01:32:35.066000
1121,857,1,8,8,4,57,205.123,1:34.983,1,Finished,8.0,5560.824,01:32:40.824000,5560.824,97.55831578947368,0 days 01:32:40.824000
1121,4,117,6,9,2,57,206.83,1:34.199,1,Finished,9.0,5579.629,01:32:59.629000,5579.629,97.88822807017544,0 days 01:32:59.629000
1121,840,117,12,10,1,57,203.73,1:35.632,1,Finished,10.0,5597.958,01:33:17.958000,5597.958,98.20978947368421,0 days 01:33:17.958000
1121,855,15,17,11,0,56,204.102,1:35.458,11,+1 Lap,11.0,5511.501,01:31:51.501000,6058.714,98.41966071428571,0 days 01:40:58.714000
1121,825,210,15,12,0,56,203.863,1:35.570,11,+1 Lap,12.0,5513.058,01:31:53.058000,6060.426,98.44746428571429,0 days 01:41:00.426000
1121,817,215,14,13,0,56,204.735,1:35.163,11,+1 Lap,13.0,5513.7,01:31:53.700000,6061.132,98.45892857142857,0 days 01:41:01.132000
1121,852,215,11,14,0,56,203.303,1:35.833,11,+1 Lap,14.0,5514.224,01:31:54.224000,6061.708,98.46828571428571,0 days 01:41:01.708000
1121,848,3,13,15,0,56,203.537,1:35.723,11,+1 Lap,15.0,5516.628,01:31:56.628000,6064.35,98.51121428571427,0 days 01:41:04.350000
1121,807,210,10,16,0,56,205.445,1:34.834,11,+1 Lap,16.0,5522.374,01:32:02.374000,6070.667,98.61382142857143,0 days 01:41:10.667000
1121,839,214,19,17,0,56,202.473,1:36.226,11,+1 Lap,17.0,5536.192,01:32:16.192000,6085.857,98.86057142857143,0 days 01:41:25.857000
1121,842,214,20,18,0,56,205.508,1:34.805,11,+1 Lap,18.0,5537.159,01:32:17.159000,6086.92,98.87783928571427,0 days 01:41:26.920000
1121,822,15,16,19,0,56,202.523,1:36.202,11,+1 Lap,19.0,5587.972,01:33:07.972000,6142.778,99.78521428571428,0 days 01:42:22.778000
1121,858,3,18,20,0,55,205.659,1:34.735,12,+2 Laps,20.0,5525.537,01:32:05.537000,6356.377,100.4643090909091,0 days 01:45:56.377000
1122,830,9,1,1,25,50,242.188,1:31.773,1,Finished,1.0,4843.273,01:20:43.273000,4843.273,96.86546,0 days 01:20:43.273000
1122,815,9,3,2,18,50,240.876,1:32.273,1,Finished,2.0,4851.916,01:20:51.916000,4851.916,97.03832,0 days 01:20:51.916000
1122,844,6,2,3,16,50,242.561,1:31.632,1,Finished,3.0,4861.912,01:21:01.912000,4861.912,97.23824,0 days 01:21:01.912000
1122,857,1,5,4,12,50,240.779,1:32.310,1,Finished,4.0,4875.28,01:21:15.280000,4875.28,97.5056,0 days 01:21:15.280000
1122,4,117,4,5,10,50,240.579,1:32.387,1,Finished,5.0,4879.032,01:21:19.032000,4879.032,97.58064,0 days 01:21:19.032000
1122,847,131,7,6,8,50,240.926,1:32.254,1,Finished,6.0,4883.209,01:21:23.209000,4883.209,97.66418,0 days 01:21:23.209000
1122,860,6,11,7,6,50,241.103,1:32.186,1,Finished,7.0,4885.952,01:21:25.952000,4885.952,97.71904,0 days 01:21:25.952000
1122,846,1,6,8,4,50,241.738,1:31.944,1,Finished,8.0,4888.981,01:21:28.981000,4888.981,97.77962,0 days 01:21:28.981000
1122,1,131,8,9,2,50,242.26,1:31.746,1,Finished,9.0,4890.664,01:21:30.664000,4890.664,97.81327999999999,0 days 01:21:30.664000
1122,807,210,15,10,1,50,240.633,1:32.366,1,Finished,10.0,4920.269,01:22:00.269000,4920.269,98.40538000000001,0 days 01:22:00.269000
1122,848,3,12,11,0,50,240.787,1:32.307,1,Finished,11.0,4931.627,01:22:11.627000,4931.627,98.63254,0 days 01:22:11.627000
1122,825,210,13,12,0,50,240.706,1:32.338,1,Finished,12.0,4929.01,01:22:09.010000,4929.01,98.5802,0 days 01:22:09.010000
1122,839,214,17,13,0,49,237.763,1:33.481,11,+1 Lap,13.0,4847.274,01:20:47.274000,5341.894,98.92395918367347,0 days 01:29:01.894000
1122,858,3,19,14,0,49,237.657,1:33.523,11,+1 Lap,14.0,4850.058,01:20:50.058000,5344.962,98.98077551020408,0 days 01:29:04.962000
1122,852,215,9,15,0,49,238.926,1:33.026,11,+1 Lap,15.0,4848.806,01:20:48.806000,5343.582,98.95522448979591,0 days 01:29:03.582000
1122,817,215,14,16,0,49,238.166,1:33.323,11,+1 Lap,16.0,4863.988,01:21:03.988000,5360.313,99.2650612244898,0 days 01:29:20.313000
1122,822,15,16,17,0,49,239.751,1:32.706,11,+1 Lap,17.0,4866.388,01:21:06.388000,5362.958,99.31404081632652,0 days 01:29:22.958000
1122,855,15,20,18,0,49,241.046,1:32.208,11,+1 Lap,18.0,4872.826,01:21:12.826000,5370.053,99.44542857142858,0 days 01:29:30.053000
1122,840,117,10,19,0,5,232.591,1:35.560,3,Accident,,485.608,00:08:05.608000,11654.592,97.1216,0 days 03:14:14.592000
1122,842,214,18,20,0,1,,,6,Gearbox,,121.453,00:02:01.453000,15303.078,121.453,0 days 04:15:03.078000
1123,832,6,2,1,25,58,237.418,1:20.031,1,Finished,1.0,4826.843,01:20:26.843000,4826.843,83.22143103448276,0 days 01:20:26.843000
1123,844,6,4,2,19,58,238.066,1:19.813,1,Finished,2.0,4829.209,01:20:29.209000,4829.209,83.26222413793103,0 days 01:20:29.209000
1123,846,1,3,3,15,58,237.762,1:19.915,1,Finished,3.0,4832.747,01:20:32.747000,4832.747,83.32322413793104,0 days 01:20:32.747000
1123,857,1,5,4,12,58,236.92,1:20.199,1,Finished,4.0,4862.613,01:21:02.613000,4862.613,83.83815517241379,0 days 01:21:02.613000
1123,815,9,6,5,10,58,236.363,1:20.388,1,Finished,5.0,4883.152,01:21:23.152000,4883.152,84.19227586206897,0 days 01:21:23.152000
1123,840,117,9,6,8,58,234.78,1:20.930,1,Finished,6.0,4920.065,01:22:00.065000,4920.065,84.82870689655172,0 days 01:22:00.065000
1123,852,215,8,7,6,58,234.19,1:21.134,1,Finished,7.0,4922.444,01:22:02.444000,4922.444,84.86972413793104,0 days 01:22:02.444000
1123,4,117,10,8,4,58,236.055,1:20.493,1,Finished,8.0,4907.835,01:21:47.835000,4907.835,84.61784482758621,0 days 01:21:47.835000
1123,807,210,16,9,2,58,234.158,1:21.145,1,Finished,9.0,4931.396,01:22:11.396000,4931.396,85.02406896551723,0 days 01:22:11.396000
1123,825,210,14,10,1,57,234.34,1:21.082,11,+1 Lap,10.0,4830.924,01:20:30.924000,5308.931,84.75305263157895,0 days 01:28:28.931000
1123,848,3,12,11,0,57,232.801,1:21.618,11,+1 Lap,11.0,4831.852,01:20:31.852000,5309.951,84.76933333333334,0 days 01:28:29.951000
1123,817,215,18,12,0,57,233.887,1:21.239,11,+1 Lap,12.0,4838.351,01:20:38.351000,5317.093,84.88335087719298,0 days 01:28:37.093000
1123,842,214,17,13,0,57,234.317,1:21.090,11,+1 Lap,13.0,4862.796,01:21:02.796000,5343.957,85.3122105263158,0 days 01:29:03.957000
1123,822,15,13,14,0,57,233.361,1:21.422,11,+1 Lap,14.0,4869.169,01:21:09.169000,5350.96,85.42401754385965,0 days 01:29:10.960000
1123,855,15,19,15,0,57,233.634,1:21.327,11,+1 Lap,15.0,4871.136,01:21:11.136000,5353.122,85.45852631578948,0 days 01:29:13.122000
1123,839,214,15,16,0,57,233.557,1:21.354,11,+1 Lap,16.0,4880.822,01:21:20.822000,5363.766,85.62845614035088,0 days 01:29:23.766000
1123,847,131,7,17,0,56,236.669,1:20.284,3,Accident,17.0,4684.734,01:18:04.734000,5385.771,83.65596428571429,0 days 01:29:45.771000
1123,1,131,11,18,0,15,230.469,1:22.444,5,Engine,,1278.426,00:21:18.426000,11567.198,85.2284,0 days 03:12:47.198000
1123,830,9,1,19,0,3,228.608,1:23.115,23,Brakes,,254.672,00:04:14.672000,13293.878,84.89066666666666,0 days 03:41:33.878000
1124,830,9,1,1,26,53,223.093,1:33.706,1,Finished,1.0,6863.566,01:54:23.566000,6863.566,129.50124528301887,0 days 01:54:23.566000
1124,815,9,2,2,18,53,222.525,1:33.945,1,Finished,2.0,6876.101,01:54:36.101000,6876.101,129.73775471698113,0 days 01:54:36.101000
1124,832,6,4,3,15,53,222.772,1:33.841,1,Finished,3.0,6884.432,01:54:44.432000,6884.432,129.8949433962264,0 days 01:54:44.432000
1124,844,6,8,4,12,53,219.952,1:35.044,1,Finished,4.0,6890.088,01:54:50.088000,6890.088,130.0016603773585,0 days 01:54:50.088000
1124,846,1,3,5,10,53,219.624,1:35.186,1,Finished,5.0,6893.266,01:54:53.266000,6893.266,130.06162264150942,0 days 01:54:53.266000
1124,4,117,5,6,8,53,220.691,1:34.726,1,Finished,6.0,6907.838,01:55:07.838000,6907.838,130.33656603773585,0 days 01:55:07.838000
1124,847,131,9,7,6,53,221.444,1:34.404,1,Finished,7.0,6909.517,01:55:09.517000,6909.517,130.36824528301887,0 days 01:55:09.517000
1124,857,1,6,8,4,53,220.514,1:34.802,1,Finished,8.0,6911.091,01:55:11.091000,6911.091,130.39794339622642,0 days 01:55:11.091000
1124,1,131,7,9,2,53,222.509,1:33.952,1,Finished,9.0,6912.192,01:55:12.192000,6912.192,130.41871698113206,0 days 01:55:12.192000
1124,852,215,10,10,1,52,216.989,1:36.342,11,+1 Lap,10.0,6865.168,01:54:25.168000,7556.966,132.02246153846153,0 days 02:05:56.966000
1124,807,210,12,11,0,52,219.304,1:35.325,11,+1 Lap,11.0,6870.734,01:54:30.734000,7563.093,132.1295,0 days 02:06:03.093000
1124,840,117,16,12,0,52,218.221,1:35.798,11,+1 Lap,12.0,6874.799,01:54:34.799000,7567.567,132.20767307692307,0 days 02:06:07.567000
1124,825,210,18,13,0,52,216.289,1:36.654,11,+1 Lap,13.0,6881.485,01:54:41.485000,7574.927,132.33625,0 days 02:06:14.927000
1124,822,15,13,14,0,52,216.392,1:36.608,11,+1 Lap,14.0,6882.459,01:54:42.459000,7575.999,132.35498076923076,0 days 02:06:15.999000
1124,839,214,15,15,0,52,217.237,1:36.232,11,+1 Lap,15.0,6904.718,01:55:04.718000,7600.501,132.78303846153847,0 days 02:06:40.501000
1124,842,214,17,16,0,52,216.315,1:36.642,11,+1 Lap,16.0,6918.632,01:55:18.632000,7615.817,133.05061538461538,0 days 02:06:55.817000
1124,858,3,19,17,0,52,220.286,1:34.900,11,+1 Lap,17.0,6936.331,01:55:36.331000,7635.3,133.39098076923077,0 days 02:07:15.300000
1124,855,15,20,18,0,12,215.162,1:37.160,6,Gearbox,,2969.022,00:49:29.022000,29898.052,247.4185,0 days 08:18:18.052000
1124,817,215,11,19,0,0,,,3,Accident,,,,,,NaT
1124,848,3,14,20,0,0,,,3,Accident,,,,,,NaT
1125,830,9,1,1,25,56,199.414,1:38.406,1,Finished,1.0,6052.554,01:40:52.554000,6052.554,108.08132142857143,0 days 01:40:52.554000
1125,846,1,4,2,18,56,198.717,1:38.751,1,Finished,2.0,6066.327,01:41:06.327000,6066.327,108.32726785714286,0 days 01:41:06.327000
1125,815,9,2,3,15,56,197.444,1:39.388,1,Finished,3.0,6071.714,01:41:11.714000,6071.714,108.42346428571429,0 days 01:41:11.714000
1125,844,6,6,4,12,56,197.452,1:39.384,1,Finished,4.0,6076.177,01:41:16.177000,6076.177,108.50316071428571,0 days 01:41:16.177000
1125,832,6,7,5,10,56,196.7,1:39.764,1,Finished,5.0,6086.537,01:41:26.537000,6086.537,108.68816071428571,0 days 01:41:26.537000
1125,847,131,8,6,8,56,196.016,1:40.112,1,Finished,6.0,6091.278,01:41:31.278000,6091.278,108.77282142857143,0 days 01:41:31.278000
1125,4,117,3,7,7,56,200.629,1:37.810,1,Finished,7.0,6095.968,01:41:35.968000,6095.968,108.85657142857143,0 days 01:41:35.968000
1125,857,1,5,8,4,56,196.749,1:39.739,1,Finished,8.0,6108.752,01:41:48.752000,6108.752,109.08485714285715,0 days 01:41:48.752000
1125,1,131,18,9,2,56,194.61,1:40.835,1,Finished,9.0,6110.54,01:41:50.540000,6110.54,109.11678571428571,0 days 01:41:50.540000
1125,807,210,9,10,1,56,194.649,1:40.815,1,Finished,10.0,6113.03,01:41:53.030000,6113.03,109.16125,0 days 01:41:53.030000
1125,839,214,13,11,0,56,194.414,1:40.937,1,Finished,11.0,6115.366,01:41:55.366000,6115.366,109.20296428571429,0 days 01:41:55.366000
1125,848,3,14,12,0,56,194.697,1:40.790,1,Finished,12.0,6118.06,01:41:58.060000,6118.06,109.25107142857144,0 days 01:41:58.060000
1125,842,214,15,13,0,56,197.822,1:39.198,1,Finished,13.0,6121.777,01:42:01.777000,6121.777,109.31744642857143,0 days 01:42:01.777000
1125,855,15,16,14,0,56,198.955,1:38.633,1,Finished,14.0,6124.243,01:42:04.243000,6124.243,109.36148214285716,0 days 01:42:04.243000
1125,840,117,11,15,0,56,197.333,1:39.444,1,Finished,15.0,6135.34,01:42:15.340000,6135.34,109.55964285714286,0 days 01:42:15.340000
1125,825,210,17,16,0,56,194.145,1:41.077,1,Finished,16.0,6130.087,01:42:10.087000,6130.087,109.4658392857143,0 days 01:42:10.087000
1125,858,3,20,17,0,56,194.293,1:41.000,1,Finished,17.0,6137.664,01:42:17.664000,6137.664,109.60114285714285,0 days 01:42:17.664000
1125,817,215,12,18,0,33,194.304,1:40.994,31,Retired,,3797.069,01:03:17.069000,11211.709,115.06269696969697,0 days 03:06:51.709000
1125,852,215,19,19,0,26,193.158,1:41.593,31,Retired,,2887.215,00:48:07.215000,12126.303,111.04673076923078,0 days 03:22:06.303000
1125,822,15,10,20,0,19,193.763,1:41.276,31,Retired,,1978.52,00:32:58.520000,12595.883,104.13263157894737,0 days 03:29:55.883000
1126,846,1,5,1,25,57,214.148,1:30.980,1,Finished,1.0,5449.876,01:30:49.876000,5449.876,95.6118596491228,0 days 01:30:49.876000
1126,830,9,1,2,18,57,213.488,1:31.261,1,Finished,2.0,5457.488,01:30:57.488000,5457.488,95.74540350877193,0 days 01:30:57.488000
1126,844,6,2,3,15,57,213.903,1:31.084,1,Finished,3.0,5459.796,01:30:59.796000,5459.796,95.78589473684211,0 days 01:30:59.796000
1126,815,9,4,4,12,57,214.442,1:30.855,1,Finished,4.0,5464.526,01:31:04.526000,5464.526,95.86887719298245,0 days 01:31:04.526000
1126,832,6,3,5,10,57,214.27,1:30.928,1,Finished,5.0,5461.283,01:31:01.283000,5461.283,95.81198245614036,0 days 01:31:01.283000
1126,1,131,8,6,8,57,213.554,1:31.233,1,Finished,6.0,5466.461,01:31:06.461000,5466.461,95.90282456140352,0 days 01:31:06.461000
1126,852,215,10,7,6,57,212.508,1:31.682,1,Finished,7.0,5476.061,01:31:16.061000,5476.061,96.07124561403508,0 days 01:31:16.061000
1126,847,131,7,8,4,57,211.955,1:31.921,1,Finished,8.0,5484.665,01:31:24.665000,5484.665,96.22219298245614,0 days 01:31:24.665000
1126,4,117,15,9,2,57,212.404,1:31.727,1,Finished,9.0,5486.983,01:31:26.983000,5486.983,96.26285964912282,0 days 01:31:26.983000
1126,839,214,13,10,1,57,211.688,1:32.037,1,Finished,10.0,5489.622,01:31:29.622000,5489.622,96.30915789473684,0 days 01:31:29.622000
1126,807,210,9,11,0,57,211.909,1:31.941,1,Finished,11.0,5490.665,01:31:30.665000,5490.665,96.32745614035088,0 days 01:31:30.665000
1126,842,214,12,12,0,57,211.647,1:32.055,1,Finished,12.0,5494.834,01:31:34.834000,5494.834,96.40059649122807,0 days 01:31:34.834000
1126,857,1,6,13,0,57,214.965,1:30.634,1,Finished,13.0,5499.632,01:31:39.632000,5499.632,96.48477192982456,0 days 01:31:39.632000
1126,855,15,19,14,0,57,211.794,1:31.991,1,Finished,14.0,5499.855,01:31:39.855000,5499.855,96.4886842105263,0 days 01:31:39.855000
1126,817,215,20,15,0,57,211.493,1:32.122,1,Finished,15.0,5500.832,01:31:40.832000,5500.832,96.50582456140351,0 days 01:31:40.832000
1126,822,15,16,16,0,57,211.548,1:32.098,1,Finished,16.0,5502.232,01:31:42.232000,5502.232,96.53038596491228,0 days 01:31:42.232000
1126,840,117,11,17,0,57,212.726,1:31.588,1,Finished,17.0,5495.049,01:31:35.049000,5495.049,96.40436842105264,0 days 01:31:35.049000
1126,848,3,14,18,0,57,214.456,1:30.849,1,Finished,18.0,5525.967,01:32:05.967000,5525.967,96.9467894736842,0 days 01:32:05.967000
1126,825,210,18,19,0,57,212.295,1:31.774,1,Finished,19.0,5504.559,01:31:44.559000,5504.559,96.5712105263158,0 days 01:31:44.559000
1126,858,3,17,20,0,27,208.483,1:33.452,4,Collision,,2583.54,00:43:03.540000,10635.573,95.68666666666667,0 days 02:57:15.573000
1127,830,9,1,1,25,63,219.898,1:20.366,1,Finished,1.0,5125.252,01:25:25.252000,5125.252,81.35320634920636,0 days 01:25:25.252000
1127,846,1,2,2,18,63,220.921,1:19.994,1,Finished,2.0,5125.977,01:25:25.977000,5125.977,81.36471428571429,0 days 01:25:25.977000
1127,844,6,3,3,15,63,221.084,1:19.935,1,Finished,3.0,5133.168,01:25:33.168000,5133.168,81.47885714285714,0 days 01:25:33.168000
1127,857,1,5,4,12,63,221.162,1:19.907,1,Finished,4.0,5139.384,01:25:39.384000,5139.384,81.57752380952381,0 days 01:25:39.384000
1127,832,6,4,5,10,63,220.299,1:20.220,1,Finished,5.0,5147.577,01:25:47.577000,5147.577,81.70757142857143,0 days 01:25:47.577000
1127,1,131,8,6,8,63,219.994,1:20.331,1,Finished,6.0,5160.356,01:26:00.356000,5160.356,81.9104126984127,0 days 01:26:00.356000
1127,847,131,6,7,7,63,224.871,1:18.589,1,Finished,7.0,5172.406,01:26:12.406000,5172.406,82.10168253968254,0 days 01:26:12.406000
1127,815,9,11,8,4,63,221.775,1:19.686,1,Finished,8.0,5180.028,01:26:20.028000,5180.028,82.22266666666667,0 days 01:26:20.028000
1127,840,117,13,9,2,63,219.342,1:20.570,1,Finished,9.0,5204.808,01:26:44.808000,5204.808,82.616,0 days 01:26:44.808000
1127,852,215,7,10,1,62,218.35,1:20.936,11,+1 Lap,10.0,5143.108,01:25:43.108000,5644.146,82.95335483870969,0 days 01:34:04.146000
1127,807,210,10,11,0,62,216.308,1:21.700,11,+1 Lap,11.0,5150.529,01:25:50.529000,5652.29,83.07304838709678,0 days 01:34:12.290000
1127,825,210,18,12,0,62,218.153,1:21.009,11,+1 Lap,12.0,5151.686,01:25:51.686000,5653.56,83.09170967741935,0 days 01:34:13.560000
1127,817,215,9,13,0,62,216.655,1:21.569,11,+1 Lap,13.0,5152.913,01:25:52.913000,5654.906,83.11149999999999,0 days 01:34:14.906000
1127,839,214,12,14,0,62,217.361,1:21.304,11,+1 Lap,14.0,5169.159,01:26:09.159000,5672.735,83.37353225806451,0 days 01:34:32.735000
1127,855,15,17,15,0,62,218.134,1:21.016,11,+1 Lap,15.0,5170.185,01:26:10.185000,5673.861,83.39008064516129,0 days 01:34:33.861000
1127,842,214,15,16,0,62,217.183,1:21.371,11,+1 Lap,16.0,5174.967,01:26:14.967000,5679.109,83.46720967741935,0 days 01:34:39.109000
1127,858,3,19,17,0,62,217.562,1:21.229,11,+1 Lap,17.0,5176.303,01:26:16.303000,5680.575,83.48875806451613,0 days 01:34:40.575000
1127,822,15,16,18,0,62,216.959,1:21.455,11,+1 Lap,18.0,5181.595,01:26:21.595000,5686.383,83.57411290322581,0 days 01:34:46.383000
1127,4,117,20,19,0,62,223.689,1:19.004,11,+1 Lap,19.0,5200.376,01:26:40.376000,5706.993,83.87703225806452,0 days 01:35:06.993000
1127,848,3,14,20,0,51,217.442,1:21.274,31,Retired,,4387.729,01:13:07.729000,7642.392,86.03390196078432,0 days 02:07:22.392000
1128,844,6,1,1,25,78,,,1,Finished,1.0,8595.554,02:23:15.554000,8595.554,110.19941025641026,0 days 02:23:15.554000
1128,857,1,2,2,18,78,,,1,Finished,2.0,8602.706,02:23:22.706000,8602.706,110.29110256410256,0 days 02:23:22.706000
1128,832,6,3,3,15,78,,,1,Finished,3.0,8603.139,02:23:23.139000,8603.139,110.29665384615383,0 days 02:23:23.139000
1128,846,1,4,4,12,78,,,1,Finished,4.0,8604.204,02:23:24.204000,8604.204,110.31030769230769,0 days 02:23:24.204000
1128,847,131,5,5,10,78,,,1,Finished,5.0,8608.863,02:23:28.863000,8608.863,110.37003846153846,0 days 02:23:28.863000
1128,830,9,6,6,8,78,,,1,Finished,6.0,8609.407,02:23:29.407000,8609.407,110.37701282051282,0 days 02:23:29.407000
1128,1,131,7,7,7,78,,,1,Finished,7.0,8610.462,02:23:30.462000,8610.462,110.39053846153845,0 days 02:23:30.462000
1128,852,215,8,8,4,77,,,11,+1 Lap,8.0,8635.041,02:23:55.041000,9446.959,112.1433896103896,0 days 02:37:26.959000
1128,848,3,9,9,2,77,,,11,+1 Lap,9.0,8649.606,02:24:09.606000,9462.894,112.33254545454545,0 days 02:37:42.894000
1128,842,214,10,10,1,77,,,11,+1 Lap,10.0,8655.795,02:24:15.795000,9469.665,112.41292207792208,0 days 02:37:49.665000
1128,4,117,14,11,0,76,,,12,+2 Laps,11.0,8599.408,02:23:19.408000,9796.536,113.15010526315788,0 days 02:43:16.536000
1128,817,215,12,12,0,76,,,12,+2 Laps,12.0,8599.818,02:23:19.818000,9797.003,113.15549999999999,0 days 02:43:17.003000
1128,822,15,17,13,0,76,,,12,+2 Laps,13.0,8600.042,02:23:20.042000,9797.258,113.15844736842105,0 days 02:43:17.258000
1128,840,117,13,14,0,76,,,12,+2 Laps,14.0,8601.521,02:23:21.521000,9798.943,113.17790789473685,0 days 02:43:18.943000
1128,858,3,15,15,0,76,,,12,+2 Laps,15.0,8604.58,02:23:24.580000,9802.428,113.21815789473685,0 days 02:43:22.428000
1128,855,15,18,16,0,76,,,12,+2 Laps,16.0,8650.814,02:24:10.814000,9855.098,113.82650000000001,0 days 02:44:15.098000
1128,839,214,11,17,0,0,,,4,Collision,,,,,,NaT
1128,815,9,16,18,0,0,,,4,Collision,,,,,,NaT
1128,807,210,19,19,0,0,,,4,Collision,,,,,,NaT
1128,825,210,20,20,0,0,,,4,Collision,,,,,,NaT
1129,830,9,2,1,25,70,207.751,1:15.569,1,Finished,1.0,6347.927,01:45:47.927000,6347.927,90.68467142857142,0 days 01:45:47.927000
1129,846,1,3,2,18,70,207.782,1:15.558,1,Finished,2.0,6351.806,01:45:51.806000,6351.806,90.74008571428571,0 days 01:45:51.806000
1129,847,131,1,3,15,70,209.621,1:14.895,1,Finished,3.0,6352.244,01:45:52.244000,6352.244,90.74634285714285,0 days 01:45:52.244000
1129,1,131,7,4,13,70,209.73,1:14.856,1,Finished,4.0,6352.842,01:45:52.842000,6352.842,90.7548857142857,0 days 01:45:52.842000
1129,857,1,4,5,10,70,205.904,1:16.247,1,Finished,5.0,6358.126,01:45:58.126000,6358.126,90.83037142857142,0 days 01:45:58.126000
1129,4,117,6,6,8,70,205.753,1:16.303,1,Finished,6.0,6365.437,01:46:05.437000,6365.437,90.93481428571428,0 days 01:46:05.437000
1129,840,117,9,7,6,70,204.523,1:16.762,1,Finished,7.0,6371.552,01:46:11.552000,6371.552,91.02217142857143,0 days 01:46:11.552000
1129,817,215,5,8,4,70,203.689,1:17.076,1,Finished,8.0,6376.599,01:46:16.599000,6376.599,91.09427142857143,0 days 01:46:16.599000
1129,842,214,15,9,2,70,203.856,1:17.013,1,Finished,9.0,6377.948,01:46:17.948000,6377.948,91.11354285714286,0 days 01:46:17.948000
1129,839,214,18,10,1,70,203.859,1:17.012,1,Finished,10.0,6378.24,01:46:18.240000,6378.24,91.11771428571429,0 days 01:46:18.240000
1129,807,210,17,11,0,70,204.733,1:16.683,1,Finished,11.0,6378.751,01:46:18.751000,6378.751,91.12501428571429,0 days 01:46:18.751000
1129,825,210,14,12,0,70,205.226,1:16.499,1,Finished,12.0,6379.18,01:46:19.180000,6379.18,91.13114285714286,0 days 01:46:19.180000
1129,822,15,0,13,0,70,203.231,1:17.250,1,Finished,13.0,6388.414,01:46:28.414000,6388.414,91.26305714285714,0 days 01:46:28.414000
1129,852,215,8,14,0,70,203.075,1:17.309,1,Finished,14.0,6400.621,01:46:40.621000,6400.621,91.43744285714286,0 days 01:46:40.621000
1129,855,15,0,15,0,69,203.033,1:17.325,11,+1 Lap,15.0,6401.455,01:46:41.455000,7013.768,92.77471014492754,0 days 01:56:53.768000
1129,832,6,12,16,0,52,198.837,1:18.957,4,Collision,,4788.472,01:19:48.472000,10249.172,92.086,0 days 02:50:49.172000
1129,848,3,10,17,0,52,197.83,1:19.359,4,Collision,,4789.04,01:19:49.040000,10250.388,92.09692307692308,0 days 02:50:50.388000
1129,815,9,16,18,0,51,199.185,1:18.819,3,Accident,,4710.768,01:18:30.768000,10474.531,92.368,0 days 02:54:34.531000
1129,844,6,11,19,0,40,182.528,1:26.012,5,Engine,,3843.308,01:04:03.308000,13115.289,96.0827,0 days 03:38:35.289000
1129,858,3,13,20,0,23,181.531,1:26.484,3,Accident,,2164.519,00:36:04.519000,16205.66,94.10952173913043,0 days 04:30:05.660000
1130,830,9,2,1,25,66,215.557,1:17.776,1,Finished,1.0,5300.227,01:28:20.227000,5300.227,80.3064696969697,0 days 01:28:20.227000
1130,846,1,1,2,19,66,217.405,1:17.115,1,Finished,2.0,5302.446,01:28:22.446000,5302.446,80.3400909090909,0 days 01:28:22.446000
1130,1,131,3,3,15,66,215.466,1:17.809,1,Finished,3.0,5318.017,01:28:38.017000,5318.017,80.57601515151515,0 days 01:28:38.017000
1130,847,131,4,4,12,66,214.142,1:18.290,1,Finished,4.0,5322.547,01:28:42.547000,5322.547,80.64465151515151,0 days 01:28:42.547000
1130,844,6,5,5,10,66,215.222,1:17.897,1,Finished,5.0,5322.936,01:28:42.936000,5322.936,80.65054545454545,0 days 01:28:42.936000
1130,832,6,6,6,8,66,213.463,1:18.539,1,Finished,6.0,5331.255,01:28:51.255000,5331.255,80.77659090909091,0 days 01:28:51.255000
1130,857,1,9,7,6,66,215.286,1:17.874,1,Finished,7.0,5333.987,01:28:53.987000,5333.987,80.81798484848485,0 days 01:28:53.987000
1130,815,9,11,8,4,66,215.532,1:17.785,1,Finished,8.0,5359.751,01:29:19.751000,5359.751,81.20834848484849,0 days 01:29:19.751000
1130,842,214,7,9,2,66,212.096,1:19.045,1,Finished,9.0,5362.252,01:29:22.252000,5362.252,81.24624242424242,0 days 01:29:22.252000
1130,839,214,8,10,1,66,212.266,1:18.982,1,Finished,10.0,5372.116,01:29:32.116000,5372.116,81.39569696969697,0 days 01:29:32.116000
1130,807,210,13,11,0,66,213.273,1:18.609,1,Finished,11.0,5374.442,01:29:34.442000,5374.442,81.4309393939394,0 days 01:29:34.442000
1130,4,117,10,12,0,65,214.022,1:18.334,11,+1 Lap,12.0,5309.724,01:28:29.724000,5822.725,81.68806153846154,0 days 01:37:02.725000
1130,855,15,15,13,0,65,212.834,1:18.771,11,+1 Lap,13.0,5315.703,01:28:35.703000,5829.282,81.78004615384616,0 days 01:37:09.282000
1130,840,117,14,14,0,65,211.366,1:19.318,11,+1 Lap,14.0,5325.479,01:28:45.479000,5840.002,81.93044615384616,0 days 01:37:20.002000
1130,817,215,18,15,0,65,211.015,1:19.450,11,+1 Lap,15.0,5344.277,01:29:04.277000,5860.616,82.21964615384616,0 days 01:37:40.616000
1130,822,15,12,16,0,65,210.596,1:19.608,11,+1 Lap,16.0,5353.54,01:29:13.540000,5870.774,82.36215384615384,0 days 01:37:50.774000
1130,825,210,16,17,0,65,210.077,1:19.805,11,+1 Lap,17.0,5355.015,01:29:15.015000,5872.392,82.38484615384615,0 days 01:37:52.392000
1130,848,3,0,18,0,65,211.863,1:19.132,11,+1 Lap,18.0,5358.376,01:29:18.376000,5876.078,82.43655384615386,0 days 01:37:56.078000
1130,852,215,17,19,0,65,211.023,1:19.447,11,+1 Lap,19.0,5364.131,01:29:24.131000,5882.389,82.52509230769232,0 days 01:38:02.389000
1130,858,3,19,20,0,64,209.115,1:20.172,12,+2 Laps,20.0,5305.093,01:28:25.093000,6072.674,82.892078125,0 days 01:41:12.674000
1131,847,131,3,1,25,71,224.752,1:09.164,1,Finished,1.0,5062.798,01:24:22.798000,5062.798,71.30701408450705,0 days 01:24:22.798000
1131,857,1,7,2,18,71,226.28,1:08.697,1,Finished,2.0,5064.704,01:24:24.704000,5064.704,71.33385915492957,0 days 01:24:24.704000
1131,832,6,4,3,15,71,224.369,1:09.282,1,Finished,3.0,5067.331,01:24:27.331000,5067.331,71.37085915492958,0 days 01:24:27.331000
1131,1,131,5,4,12,71,223.466,1:09.562,1,Finished,4.0,5085.94,01:24:45.940000,5085.94,71.63295774647887,0 days 01:24:45.940000
1131,830,9,1,5,10,71,229.548,1:07.719,1,Finished,5.0,5090.051,01:24:50.051000,5090.051,71.69085915492958,0 days 01:24:50.051000
1131,807,210,9,6,8,71,221.388,1:10.215,1,Finished,6.0,5116.886,01:25:16.886000,5116.886,72.06881690140845,0 days 01:25:16.886000
1131,815,9,8,7,6,71,223.043,1:09.694,1,Finished,7.0,5117.47,01:25:17.470000,5117.47,72.07704225352113,0 days 01:25:17.470000
1131,825,210,12,8,4,71,221.672,1:10.125,1,Finished,8.0,5123.153,01:25:23.153000,5123.153,72.15708450704226,0 days 01:25:23.153000
1131,817,215,11,9,2,71,220.725,1:10.426,1,Finished,9.0,5123.967,01:25:23.967000,5123.967,72.16854929577464,0 days 01:25:23.967000
1131,842,214,13,10,1,71,223.315,1:09.609,1,Finished,10.0,5124.564,01:25:24.564000,5124.564,72.17695774647888,0 days 01:25:24.564000
1131,844,6,6,11,0,71,223.396,1:09.584,1,Finished,11.0,5129.854,01:25:29.854000,5129.854,72.25146478873239,0 days 01:25:29.854000
1131,839,214,10,12,0,71,223.187,1:09.649,1,Finished,12.0,5131.123,01:25:31.123000,5131.123,72.269338028169,0 days 01:25:31.123000
1131,840,117,17,13,0,70,221.615,1:10.143,11,+1 Lap,13.0,5073.032,01:24:33.032000,5557.144,72.47188571428572,0 days 01:32:37.144000
1131,852,215,14,14,0,70,221.064,1:10.318,11,+1 Lap,14.0,5075.943,01:24:35.943000,5560.333,72.51347142857144,0 days 01:32:40.333000
1131,848,3,16,15,0,70,220.919,1:10.364,11,+1 Lap,15.0,5073.664,01:24:33.664000,5557.837,72.48091428571428,0 days 01:32:37.837000
1131,822,15,18,16,0,70,220.653,1:10.449,11,+1 Lap,16.0,5082.173,01:24:42.173000,5567.158,72.60247142857142,0 days 01:32:47.158000
1131,855,15,20,17,0,70,220.587,1:10.470,11,+1 Lap,17.0,5107.68,01:25:07.680000,5595.099,72.96685714285715,0 days 01:33:15.099000
1131,4,117,15,18,0,70,229.633,1:07.694,11,+1 Lap,18.0,5110.458,01:25:10.458000,5598.142,73.00654285714285,0 days 01:33:18.142000
1131,858,3,19,19,0,69,220.788,1:10.406,12,+2 Laps,19.0,5069.107,01:24:29.107000,5789.802,73.46531884057971,0 days 01:36:29.802000
1131,846,1,2,20,0,64,228.546,1:08.016,17,+7 Laps,20.0,4591.054,01:16:31.054000,6417.433,71.73521875,0 days 01:46:57.433000
1132,1,131,2,1,25,52,237.12,1:29.438,1,Finished,1.0,4947.059,01:22:27.059000,4947.059,95.13575,0 days 01:22:27.059000
1132,830,9,4,2,18,52,238.416,1:28.952,1,Finished,2.0,4948.524,01:22:28.524000,4948.524,95.16392307692308,0 days 01:22:28.524000
1132,846,1,3,3,15,52,237.588,1:29.262,1,Finished,3.0,4954.606,01:22:34.606000,4954.606,95.28088461538461,0 days 01:22:34.606000
1132,857,1,5,4,12,52,238.964,1:28.748,1,Finished,4.0,4959.488,01:22:39.488000,4959.488,95.37476923076923,0 days 01:22:39.488000
1132,832,6,7,5,11,52,240.195,1:28.293,1,Finished,5.0,4994.377,01:23:14.377000,4994.377,96.04571153846155,0 days 01:23:14.377000
1132,807,210,6,6,8,52,236.07,1:29.836,1,Finished,6.0,5002.781,01:23:22.781000,5002.781,96.20732692307692,0 days 01:23:22.781000
1132,840,117,8,7,6,52,235.909,1:29.897,1,Finished,7.0,5003.628,01:23:23.628000,5003.628,96.22361538461539,0 days 01:23:23.628000
1132,4,117,10,8,4,52,236.401,1:29.710,1,Finished,8.0,5010.636,01:23:30.636000,5010.636,96.35838461538462,0 days 01:23:30.636000
1132,848,3,9,9,2,52,236.38,1:29.718,1,Finished,9.0,5015.446,01:23:35.446000,5015.446,96.45088461538461,0 days 01:23:35.446000
1132,852,215,13,10,1,52,235.041,1:30.229,1,Finished,10.0,5026.362,01:23:46.362000,5026.362,96.6608076923077,0 days 01:23:46.362000
1132,858,3,12,11,0,52,235.713,1:29.972,1,Finished,11.0,5036.019,01:23:56.019000,5036.019,96.84651923076923,0 days 01:23:56.019000
1132,825,210,17,12,0,52,235.396,1:30.093,1,Finished,12.0,5037.212,01:23:57.212000,5037.212,96.86946153846155,0 days 01:23:57.212000
1132,817,215,15,13,0,51,233.731,1:30.735,11,+1 Lap,13.0,4956.996,01:22:36.996000,5458.527,97.196,0 days 01:30:58.527000
1132,844,6,11,14,0,51,236.301,1:29.748,11,+1 Lap,14.0,4987.532,01:23:07.532000,5492.153,97.79474509803921,0 days 01:31:32.153000
1132,822,15,16,15,0,51,232.343,1:31.277,11,+1 Lap,15.0,4988.88,01:23:08.880000,5493.637,97.82117647058824,0 days 01:31:33.637000
1132,839,214,18,16,0,50,233.371,1:30.875,12,+2 Laps,16.0,4957.741,01:22:37.741000,5723.216,99.15482,0 days 01:35:23.216000
1132,815,9,0,17,0,50,236.409,1:29.707,12,+2 Laps,17.0,4965.064,01:22:45.064000,5731.67,99.30128,0 days 01:35:31.670000
1132,855,15,14,18,0,50,233.014,1:31.014,12,+2 Laps,18.0,5001.535,01:23:21.535000,5773.772,100.0307,0 days 01:36:13.772000
1132,847,131,1,19,0,33,232.289,1:31.298,34,Water pressure,,3171.677,00:52:51.677000,8096.426,96.11142424242425,0 days 02:14:56.426000
1132,842,214,19,20,0,0,,,6,Gearbox,,,,,,NaT
1133,857,1,2,1,25,70,193.005,1:21.716,1,Finished,1.0,5881.989,01:38:01.989000,5881.989,84.02841428571428,0 days 01:38:01.989000
1133,846,1,1,2,18,70,193.014,1:21.712,1,Finished,2.0,5884.13,01:38:04.130000,5884.13,84.059,0 days 01:38:04.130000
1133,1,131,5,3,15,70,191.978,1:22.153,1,Finished,3.0,5896.869,01:38:16.869000,5896.869,84.24098571428571,0 days 01:38:16.869000
1133,844,6,6,4,12,70,191.91,1:22.182,1,Finished,4.0,5901.675,01:38:21.675000,5901.675,84.30964285714286,0 days 01:38:21.675000
1133,830,9,3,5,10,70,194.932,1:20.908,1,Finished,5.0,5903.338,01:38:23.338000,5903.338,84.3334,0 days 01:38:23.338000
1133,832,6,4,6,8,70,193.656,1:21.441,1,Finished,6.0,5905.062,01:38:25.062000,5905.062,84.35802857142858,0 days 01:38:25.062000
1133,815,9,16,7,6,70,194.48,1:21.096,1,Finished,7.0,5921.781,01:38:41.781000,5921.781,84.59687142857143,0 days 01:38:41.781000
1133,847,131,17,8,5,70,196.396,1:20.305,1,Finished,8.0,5924.357,01:38:44.357000,5924.357,84.63367142857143,0 days 01:38:44.357000
1133,852,215,10,9,2,70,188.806,1:23.533,1,Finished,9.0,5959.248,01:39:19.248000,5959.248,85.13211428571428,0 days 01:39:19.248000
1133,840,117,8,10,1,70,191.547,1:22.338,1,Finished,10.0,5959.965,01:39:19.965000,5959.965,85.14235714285715,0 days 01:39:19.965000
1133,4,117,7,11,0,70,189.875,1:23.063,1,Finished,11.0,5964.449,01:39:24.449000,5964.449,85.20641428571427,0 days 01:39:24.449000
1133,817,215,9,12,0,69,190.847,1:22.640,11,+1 Lap,12.0,5899.913,01:38:19.913000,6464.253,85.50598550724636,0 days 01:47:44.253000
1133,807,210,11,13,0,69,188.969,1:23.461,11,+1 Lap,13.0,5915.173,01:38:35.173000,6480.972,85.72714492753623,0 days 01:48:00.972000
1133,848,3,13,14,0,69,187.913,1:23.930,11,+1 Lap,14.0,5918.758,01:38:38.758000,6484.9,85.77910144927536,0 days 01:48:04.900000
1133,825,210,15,15,0,69,188.761,1:23.553,11,+1 Lap,15.0,5927.291,01:38:47.291000,6494.249,85.90276811594204,0 days 01:48:14.249000
1133,822,15,12,16,0,69,190.496,1:22.792,11,+1 Lap,16.0,5927.398,01:38:47.398000,6494.367,85.9043188405797,0 days 01:48:14.367000
1133,858,3,14,17,0,69,195.772,1:20.561,11,+1 Lap,17.0,5934.58,01:38:54.580000,6502.235,86.00840579710145,0 days 01:48:22.235000
1133,839,214,19,18,0,69,193.255,1:21.610,11,+1 Lap,18.0,5942.918,01:39:02.918000,6511.371,86.1292463768116,0 days 01:48:31.371000
1133,855,15,18,19,0,69,188.91,1:23.487,11,+1 Lap,19.0,5945.587,01:39:05.587000,6514.295,86.16792753623189,0 days 01:48:34.295000
1133,842,214,0,20,0,33,189.244,1:23.340,9,Hydraulics,,2859.255,00:47:39.255000,13100.587,86.6440909090909,0 days 03:38:20.587000
1134,1,131,3,1,25,44,236.415,1:46.653,1,Finished,1.0,4797.566,01:19:57.566000,4797.566,109.0355909090909,0 days 01:19:57.566000
1134,857,1,5,2,18,44,238.231,1:45.840,1,Finished,2.0,4798.213,01:19:58.213000,4798.213,109.05029545454545,0 days 01:19:58.213000
1134,844,6,1,3,15,44,235.619,1:47.013,1,Finished,3.0,4805.589,01:20:05.589000,4805.589,109.21793181818181,0 days 01:20:05.589000
1134,830,9,11,4,12,44,237.584,1:46.128,1,Finished,4.0,4806.266,01:20:06.266000,4806.266,109.23331818181818,0 days 01:20:06.266000
1134,846,1,4,5,10,44,238.856,1:45.563,1,Finished,5.0,4806.89,01:20:06.890000,4806.89,109.2475,0 days 01:20:06.890000
1134,832,6,7,6,8,44,237.057,1:46.364,1,Finished,6.0,4816.835,01:20:16.835000,4816.835,109.47352272727272,0 days 01:20:16.835000
1134,815,9,2,7,7,44,240.822,1:44.701,1,Finished,7.0,4840.235,01:20:40.235000,4840.235,110.0053409090909,0 days 01:20:40.235000
1134,4,117,8,8,4,44,233.356,1:48.051,1,Finished,8.0,4847.003,01:20:47.003000,4847.003,110.15915909090909,0 days 01:20:47.003000
1134,839,214,9,9,2,44,235.743,1:46.957,1,Finished,9.0,4849.592,01:20:49.592000,4849.592,110.21799999999999,0 days 01:20:49.592000
1134,817,215,13,10,1,44,234.694,1:47.435,1,Finished,10.0,4851.966,01:20:51.966000,4851.966,110.27195454545455,0 days 01:20:51.966000
1134,840,117,15,11,0,44,233.239,1:48.105,1,Finished,11.0,4860.051,01:21:00.051000,4860.051,110.45570454545455,0 days 01:21:00.051000
1134,848,3,10,12,0,44,233.475,1:47.996,1,Finished,12.0,4860.691,01:21:00.691000,4860.691,110.47025,0 days 01:21:00.691000
1134,842,214,12,13,0,44,234.731,1:47.418,1,Finished,13.0,4861.405,01:21:01.405000,4861.405,110.48647727272727,0 days 01:21:01.405000
1134,825,210,17,14,0,44,233.795,1:47.848,1,Finished,14.0,4863.671,01:21:03.671000,4863.671,110.53797727272728,0 days 01:21:03.671000
1134,822,15,14,15,0,44,235.606,1:47.019,1,Finished,15.0,4867.678,01:21:07.678000,4867.678,110.62904545454545,0 days 01:21:07.678000
1134,852,215,20,16,0,44,233.533,1:47.969,1,Finished,16.0,4873.777,01:21:13.777000,4873.777,110.76765909090909,0 days 01:21:13.777000
1134,858,3,18,17,0,44,234.574,1:47.490,1,Finished,17.0,4883.097,01:21:23.097000,4883.097,110.97947727272727,0 days 01:21:23.097000
1134,807,210,16,18,0,44,231.422,1:48.954,1,Finished,18.0,4885.873,01:21:25.873000,4885.873,111.04256818181817,0 days 01:21:25.873000
1134,855,15,19,19,0,5,224.929,1:52.099,31,Retired,,660.351,00:11:00.351000,12900.617,132.0702,0 days 03:35:00.617000
1134,847,131,6,20,0,44,235.399,1:47.113,2,Disqualified,,4797.04,01:19:57.040000,5036.892,109.02363636363636,0 days 01:23:56.892000
1135,846,1,1,1,26,72,207.708,1:13.817,1,Finished,1.0,5445.519,01:30:45.519000,5445.519,75.63220833333334,0 days 01:30:45.519000
1135,830,9,2,2,18,72,205.11,1:14.752,1,Finished,2.0,5468.415,01:31:08.415000,5468.415,75.95020833333334,0 days 01:31:08.415000
1135,844,6,6,3,15,72,205.569,1:14.585,1,Finished,3.0,5470.958,01:31:10.958000,5470.958,75.98552777777778,0 days 01:31:10.958000
1135,857,1,3,4,12,72,206.533,1:14.237,1,Finished,4.0,5472.856,01:31:12.856000,5472.856,76.01188888888889,0 days 01:31:12.856000
1135,832,6,10,5,10,72,206.867,1:14.117,1,Finished,5.0,5477.656,01:31:17.656000,5477.656,76.07855555555555,0 days 01:31:17.656000
1135,815,9,5,6,8,72,205.563,1:14.587,1,Finished,6.0,5485.061,01:31:25.061000,5485.061,76.18140277777778,0 days 01:31:25.061000
1135,847,131,4,7,6,72,207.399,1:13.927,1,Finished,7.0,5490.136,01:31:30.136000,5490.136,76.2518888888889,0 days 01:31:30.136000
1135,1,131,14,8,4,72,207.536,1:13.878,1,Finished,8.0,5495.118,01:31:35.118000,5495.118,76.32108333333333,0 days 01:31:35.118000
1135,842,214,9,9,2,71,204.828,1:14.855,11,+1 Lap,9.0,5454.123,01:30:54.123000,5973.417,76.81863380281689,0 days 01:39:33.417000
1135,4,117,7,10,1,71,205.093,1:14.758,11,+1 Lap,10.0,5459.052,01:30:59.052000,5978.815,76.88805633802816,0 days 01:39:38.815000
1135,807,210,12,11,0,71,202.656,1:15.657,11,+1 Lap,11.0,5464.733,01:31:04.733000,5985.037,76.96807042253522,0 days 01:39:45.037000
1135,817,215,13,12,0,71,203.828,1:15.222,11,+1 Lap,12.0,5466.586,01:31:06.586000,5987.067,76.9941690140845,0 days 01:39:47.067000
1135,840,117,8,13,0,71,203.739,1:15.255,11,+1 Lap,13.0,5466.231,01:31:06.231000,5986.678,76.98916901408451,0 days 01:39:46.678000
1135,848,3,19,14,0,71,205.986,1:14.434,11,+1 Lap,14.0,5486.23,01:31:26.230000,6008.581,77.27084507042252,0 days 01:40:08.581000
1135,839,214,15,15,0,71,203.374,1:15.390,11,+1 Lap,15.0,5492.397,01:31:32.397000,6015.335,77.35770422535211,0 days 01:40:15.335000
1135,858,3,18,16,0,71,202.973,1:15.539,11,+1 Lap,16.0,5510.058,01:31:50.058000,6034.678,77.60645070422535,0 days 01:40:34.678000
1135,852,215,11,17,0,71,202.938,1:15.552,11,+1 Lap,17.0,5510.665,01:31:50.665000,6035.342,77.615,0 days 01:40:35.342000
1135,825,210,0,18,0,71,204.557,1:14.954,11,+1 Lap,18.0,5511.226,01:31:51.226000,6035.957,77.6229014084507,0 days 01:40:35.957000
1135,822,15,16,19,0,70,202.215,1:15.822,12,+2 Laps,19.0,5448.767,01:30:48.767000,6220.935,77.83952857142857,0 days 01:43:40.935000
1135,855,15,17,20,0,70,202.477,1:15.724,12,+2 Laps,20.0,5481.538,01:31:21.538000,6258.35,78.30768571428571,0 days 01:44:18.350000
1136,844,6,4,1,25,53,250.58,1:23.226,1,Finished,1.0,4480.727,01:14:40.727000,4480.727,84.54201886792453,0 days 01:14:40.727000
1136,857,1,2,2,18,53,254.503,1:21.943,1,Finished,2.0,4483.391,01:14:43.391000,4483.391,84.59228301886792,0 days 01:14:43.391000
1136,846,1,1,3,16,53,256.1,1:21.432,1,Finished,3.0,4486.88,01:14:46.880000,4486.88,84.65811320754717,0 days 01:14:46.880000
1136,832,6,5,4,12,53,250.601,1:23.219,1,Finished,4.0,4496.348,01:14:56.348000,4496.348,84.83675471698113,0 days 01:14:56.348000
1136,1,131,6,5,10,53,255.849,1:21.512,1,Finished,5.0,4503.547,01:15:03.547000,4503.547,84.97258490566037,0 days 01:15:03.547000
1136,830,9,7,6,8,53,255.12,1:21.745,1,Finished,6.0,4518.659,01:15:18.659000,4518.659,85.25771698113206,0 days 01:15:18.659000
1136,847,131,3,7,6,53,254.215,1:22.036,1,Finished,7.0,4520.442,01:15:20.442000,4520.442,85.29135849056604,0 days 01:15:20.442000
1136,815,9,8,8,4,53,251.35,1:22.971,1,Finished,8.0,4534.875,01:15:34.875000,4534.875,85.56367924528301,0 days 01:15:34.875000
1136,848,3,9,9,2,53,248.514,1:23.918,1,Finished,9.0,4548.183,01:15:48.183000,4548.183,85.81477358490567,0 days 01:15:48.183000
1136,825,210,13,10,1,53,249.946,1:23.437,1,Finished,10.0,4539.029,01:15:39.029000,4539.029,85.6420566037736,0 days 01:15:39.029000
1136,4,117,11,11,0,53,251.432,1:22.944,1,Finished,11.0,4549.222,01:15:49.222000,4549.222,85.83437735849056,0 days 01:15:49.222000
1136,861,3,18,12,0,53,249.077,1:23.728,1,Finished,12.0,4562.035,01:16:02.035000,4562.035,86.07613207547169,0 days 01:16:02.035000
1136,817,215,12,13,0,53,247.625,1:24.219,1,Finished,13.0,4559.179,01:15:59.179000,4559.179,86.02224528301888,0 days 01:15:59.179000
1136,839,214,15,14,0,52,247.261,1:24.343,11,+1 Lap,14.0,4493.386,01:14:53.386000,4946.181,86.41126923076924,0 days 01:22:26.181000
1136,842,214,14,15,0,52,248.997,1:23.755,11,+1 Lap,15.0,4499.071,01:14:59.071000,4952.439,86.52059615384616,0 days 01:22:32.439000
1136,822,15,19,16,0,52,249.432,1:23.609,11,+1 Lap,16.0,4507.938,01:15:07.938000,4962.199,86.69111538461539,0 days 01:22:42.199000
1136,807,210,10,17,0,52,250.432,1:23.275,11,+1 Lap,17.0,4511.597,01:15:11.597000,4966.227,86.76148076923076,0 days 01:22:46.227000
1136,855,15,20,18,0,52,245.085,1:25.092,11,+1 Lap,18.0,4520.782,01:15:20.782000,4976.338,86.93811538461539,0 days 01:22:56.338000
1136,840,117,17,19,0,52,253.609,1:22.232,11,+1 Lap,19.0,4524.235,01:15:24.235000,4980.139,87.00451923076922,0 days 01:23:00.139000
1136,852,215,16,20,0,7,241.94,1:26.198,25,Overheating,,636.669,00:10:36.669000,11713.8,90.95271428571428,0 days 03:15:13.800000
1137,857,1,2,1,25,51,201.856,1:47.060,1,Finished,1.0,5578.007,01:32:58.007000,5578.007,109.3726862745098,0 days 01:32:58.007000
1137,844,6,1,2,18,51,201.843,1:47.067,1,Finished,2.0,5588.917,01:33:08.917000,5588.917,109.58660784313726,0 days 01:33:08.917000
1137,847,131,5,3,15,51,202.674,1:46.628,1,Finished,3.0,5609.335,01:33:29.335000,5609.335,109.98696078431372,0 days 01:33:29.335000
1137,846,1,15,4,13,51,205.318,1:45.255,1,Finished,4.0,5614.15,01:33:34.150000,5614.15,110.0813725490196,0 days 01:33:34.150000
1137,830,9,6,5,10,51,202.352,1:46.798,1,Finished,5.0,5655.105,01:34:15.105000,5655.105,110.88441176470587,0 days 01:34:15.105000
1137,4,117,7,6,8,51,201.862,1:47.057,1,Finished,6.0,5663.475,01:34:23.475000,5663.475,111.04852941176472,0 days 01:34:23.475000
1137,848,3,9,7,6,51,202.07,1:46.947,1,Finished,7.0,5665.403,01:34:25.403000,5665.403,111.08633333333334,0 days 01:34:25.403000
1137,861,3,8,8,4,51,201.454,1:47.274,1,Finished,8.0,5667.548,01:34:27.548000,5667.548,111.12839215686274,0 days 01:34:27.548000
1137,1,131,0,9,2,51,201.525,1:47.236,1,Finished,9.0,5670.408,01:34:30.408000,5670.408,111.1844705882353,0 days 01:34:30.408000
1137,860,210,10,10,1,51,201.879,1:47.048,1,Finished,10.0,5671.134,01:34:31.134000,5671.134,111.19870588235294,0 days 01:34:31.134000
1137,807,210,12,11,0,51,200.674,1:47.691,1,Finished,11.0,5671.472,01:34:31.472000,5671.472,111.20533333333333,0 days 01:34:31.472000
1137,842,214,18,12,0,51,200.066,1:48.018,1,Finished,12.0,5695.196,01:34:55.196000,5695.196,111.67050980392156,0 days 01:34:55.196000
1137,817,215,14,13,0,51,199.398,1:48.380,1,Finished,13.0,5724.914,01:35:24.914000,5724.914,112.2532156862745,0 days 01:35:24.914000
1137,855,15,17,14,0,51,200.761,1:47.644,1,Finished,14.0,5726.848,01:35:26.848000,5726.848,112.29113725490195,0 days 01:35:26.848000
1137,839,214,0,15,0,50,198.572,1:48.831,11,+1 Lap,15.0,5599.351,01:33:19.351000,6168.245,111.98701999999999,0 days 01:42:48.245000
1137,822,15,16,16,0,50,199.328,1:48.418,11,+1 Lap,16.0,5603.402,01:33:23.402000,6172.708,112.06804,0 days 01:42:52.708000
1137,815,9,4,17,0,49,201.945,1:47.013,31,Retired,17.0,5321.198,01:28:41.198000,6147.613,108.59587755102041,0 days 01:42:27.613000
1137,832,6,3,18,0,49,202.223,1:46.866,31,Retired,18.0,5321.768,01:28:41.768000,6148.271,108.60751020408163,0 days 01:42:28.271000
1137,840,117,13,19,0,45,199.826,1:48.148,31,Retired,19.0,5001.08,01:23:21.080000,6971.506,111.13511111111112,0 days 01:56:11.506000
1137,852,215,11,20,0,14,194.89,1:50.887,31,Retired,,1622.651,00:27:02.651000,12767.945,115.90364285714286,0 days 03:32:47.945000
1138,846,1,1,1,25,62,187.347,1:34.925,1,Finished,1.0,6052.571,01:40:52.571000,6052.571,97.62211290322581,0 days 01:40:52.571000
1138,830,9,2,2,18,62,185.313,1:35.967,1,Finished,2.0,6073.516,01:41:13.516000,6073.516,97.95993548387096,0 days 01:41:13.516000
1138,857,1,5,3,15,62,185.743,1:35.745,1,Finished,3.0,6094.394,01:41:34.394000,6094.394,98.29667741935484,0 days 01:41:34.394000
1138,847,131,4,4,12,62,183.251,1:37.047,1,Finished,4.0,6113.611,01:41:53.611000,6113.611,98.60662903225806,0 days 01:41:53.611000
1138,844,6,9,5,10,62,186.471,1:35.371,1,Finished,5.0,6115.001,01:41:55.001000,6115.001,98.62904838709677,0 days 01:41:55.001000
1138,1,131,3,6,8,62,182.6,1:37.393,1,Finished,6.0,6137.819,01:42:17.819000,6137.819,98.99708064516129,0 days 01:42:17.819000
1138,832,6,10,7,6,62,184.173,1:36.561,1,Finished,7.0,6148.61,01:42:28.610000,6148.61,99.17112903225807,0 days 01:42:28.610000
1138,4,117,7,8,4,61,181.95,1:37.741,11,+1 Lap,8.0,6053.444,01:40:53.444000,6644.895,99.2367868852459,0 days 01:50:44.895000
1138,807,210,6,9,2,61,182.456,1:37.470,11,+1 Lap,9.0,6055.711,01:40:55.711000,6647.384,99.27395081967214,0 days 01:50:47.384000
1138,815,9,13,10,1,61,182.443,1:37.477,11,+1 Lap,10.0,6057.195,01:40:57.195000,6649.013,99.29827868852459,0 days 01:50:49.013000
1138,861,3,12,11,0,61,182.846,1:37.262,11,+1 Lap,11.0,6058.855,01:40:58.855000,6650.835,99.32549180327868,0 days 01:50:50.835000
1138,852,215,8,12,0,61,184.494,1:36.393,11,+1 Lap,12.0,6061.363,01:41:01.363000,6653.588,99.36660655737705,0 days 01:50:53.588000
1138,839,214,15,13,0,61,181.536,1:37.964,11,+1 Lap,13.0,6096.576,01:41:36.576000,6692.241,99.94386885245902,0 days 01:51:32.241000
1138,840,117,17,14,0,61,181.745,1:37.851,11,+1 Lap,14.0,6100.142,01:41:40.142000,6696.156,100.00232786885246,0 days 01:51:36.156000
1138,855,15,20,15,0,61,182.472,1:37.461,11,+1 Lap,15.0,6109.791,01:41:49.791000,6706.748,100.16050819672131,0 days 01:51:46.748000
1138,822,15,19,16,0,61,182.355,1:37.524,11,+1 Lap,16.0,6110.4,01:41:50.400000,6707.416,100.17049180327868,0 days 01:51:47.416000
1138,842,214,18,17,0,61,183.478,1:36.927,11,+1 Lap,17.0,6111.63,01:41:51.630000,6708.766,100.19065573770492,0 days 01:51:48.766000
1138,817,215,16,18,0,61,188.218,1:34.486,11,+1 Lap,18.0,6142.367,01:42:22.367000,6742.506,100.69454098360656,0 days 01:52:22.506000
1138,825,210,14,19,0,57,182.54,1:37.425,3,Accident,19.0,5811.906,01:36:51.906000,7586.067,101.96326315789473,0 days 02:06:26.067000
1138,848,3,11,20,0,15,183.552,1:36.888,131,Power Unit,,1560.703,00:26:00.703000,15869.228,104.04686666666666,0 days 04:24:29.228000
1139,844,6,4,1,25,56,202.861,1:37.834,1,Finished,1.0,5709.639,01:35:09.639000,5709.639,101.95783928571429,0 days 01:35:09.639000
1139,832,6,3,2,18,56,203.009,1:37.763,1,Finished,2.0,5718.201,01:35:18.201000,5718.201,102.11073214285715,0 days 01:35:18.201000
1139,830,9,2,3,15,56,202.276,1:38.117,1,Finished,3.0,5729.051,01:35:29.051000,5729.051,102.30448214285715,0 days 01:35:29.051000
1139,846,1,1,4,12,56,203.183,1:37.679,1,Finished,4.0,5724.993,01:35:24.993000,5724.993,102.23201785714286,0 days 01:35:24.993000
1139,857,1,5,5,10,56,202.76,1:37.883,1,Finished,5.0,5731.56,01:35:31.560000,5731.56,102.34928571428573,0 days 01:35:31.560000
1139,847,131,20,6,8,56,203.231,1:37.656,1,Finished,6.0,5765.934,01:36:05.934000,5765.934,102.96310714285714,0 days 01:36:05.934000
1139,815,9,9,7,6,56,201.461,1:38.514,1,Finished,7.0,5768.711,01:36:08.711000,5768.711,103.01269642857143,0 days 01:36:08.711000
1139,807,210,11,8,4,56,201.686,1:38.404,1,Finished,8.0,5772.596,01:36:12.596000,5772.596,103.08207142857142,0 days 01:36:12.596000
1139,859,215,19,9,2,56,202.33,1:38.091,1,Finished,9.0,5780.202,01:36:20.202000,5780.202,103.21789285714286,0 days 01:36:20.202000
1139,861,3,15,10,1,56,203.325,1:37.611,1,Finished,10.0,5781.618,01:36:21.618000,5781.618,103.24317857142857,0 days 01:36:21.618000
1139,825,210,8,11,0,56,202.085,1:38.210,1,Finished,11.0,5789.421,01:36:29.421000,5789.421,103.38251785714286,0 days 01:36:29.421000
1139,842,214,6,12,0,56,201.877,1:38.311,1,Finished,12.0,5795.197,01:36:35.197000,5795.197,103.48566071428571,0 days 01:36:35.197000
1139,4,117,7,13,0,55,199.945,1:39.261,11,+1 Lap,13.0,5711.365,01:35:11.365000,6280.425,103.84299999999999,0 days 01:44:40.425000
1139,852,215,10,14,0,55,200.082,1:39.193,11,+1 Lap,14.0,5712.851,01:35:12.851000,6282.059,103.87001818181818,0 days 01:44:42.059000
1139,840,117,13,15,0,55,200.04,1:39.214,11,+1 Lap,15.0,5726.622,01:35:26.622000,6297.202,104.1204,0 days 01:44:57.202000
1139,848,3,14,16,0,55,200.302,1:39.084,11,+1 Lap,16.0,5727.731,01:35:27.731000,6298.421,104.14056363636364,0 days 01:44:58.421000
1139,822,15,16,17,0,55,197.333,1:40.575,11,+1 Lap,17.0,5743.972,01:35:43.972000,6316.28,104.43585454545455,0 days 01:45:16.280000
1139,839,214,12,18,0,55,203.912,1:37.330,11,+1 Lap,18.0,5751.751,01:35:51.751000,6324.835,104.57729090909092,0 days 01:45:24.835000
1139,855,15,18,19,0,55,199.923,1:39.272,11,+1 Lap,19.0,5758.879,01:35:58.879000,6332.673,104.7068909090909,0 days 01:45:32.673000
1139,1,131,17,20,0,1,,,20,Spun off,,108.064,00:01:48.064000,16339.277,108.064,0 days 04:32:19.277000
1140,832,6,1,1,25,71,193.348,1:20.137,1,Finished,1.0,6055.8,01:40:55.800000,6055.8,85.29295774647888,0 days 01:40:55.800000
1140,846,1,3,2,18,71,194.43,1:19.691,1,Finished,2.0,6060.505,01:41:00.505000,6060.505,85.35922535211267,0 days 01:41:00.505000
1140,844,6,4,3,16,71,197.794,1:18.336,1,Finished,3.0,6090.187,01:41:30.187000,6090.187,85.77728169014084,0 days 01:41:30.187000
1140,1,131,6,4,12,71,192.785,1:20.371,1,Finished,4.0,6100.58,01:41:40.580000,6100.58,85.92366197183098,0 days 01:41:40.580000
1140,847,131,5,5,10,71,191.926,1:20.731,1,Finished,5.0,6104.336,01:41:44.336000,6104.336,85.97656338028169,0 days 01:41:44.336000
1140,830,9,2,6,8,71,191.591,1:20.872,1,Finished,6.0,6115.358,01:41:55.358000,6115.358,86.13180281690141,0 days 01:41:55.358000
1140,825,210,7,7,6,71,192.15,1:20.637,1,Finished,7.0,6119.442,01:41:59.442000,6119.442,86.18932394366198,0 days 01:41:59.442000
1140,857,1,17,8,4,71,193.525,1:20.064,1,Finished,8.0,6120.728,01:42:00.728000,6120.728,86.20743661971831,0 days 01:42:00.728000
1140,807,210,10,9,2,70,191.885,1:20.748,11,+1 Lap,9.0,6058.52,01:40:58.520000,6636.676,86.55028571428572,0 days 01:50:36.676000
1140,842,214,8,10,1,70,190.643,1:21.274,11,+1 Lap,10.0,6074.387,01:41:14.387000,6654.057,86.77695714285714,0 days 01:50:54.057000
1140,840,117,14,11,0,70,190.557,1:21.311,11,+1 Lap,11.0,6080.872,01:41:20.872000,6661.161,86.8696,0 days 01:51:01.161000
1140,861,3,16,12,0,70,193.462,1:20.090,11,+1 Lap,12.0,6083.297,01:41:23.297000,6663.817,86.90424285714285,0 days 01:51:03.817000
1140,839,214,0,13,0,70,192.097,1:20.659,11,+1 Lap,13.0,6095.463,01:41:35.463000,6677.144,87.07804285714285,0 days 01:51:17.144000
1140,822,15,15,14,0,70,191.088,1:21.085,11,+1 Lap,14.0,6098.027,01:41:38.027000,6679.953,87.11467142857143,0 days 01:51:19.953000
1140,855,15,19,15,0,70,189.991,1:21.553,11,+1 Lap,15.0,6117.522,01:41:57.522000,6701.308,87.39317142857142,0 days 01:51:41.308000
1140,859,215,12,16,0,70,194.893,1:19.502,11,+1 Lap,16.0,6120.266,01:42:00.266000,6704.314,87.43237142857143,0 days 01:51:44.314000
1140,815,9,18,17,0,70,195.614,1:19.209,11,+1 Lap,17.0,6129.084,01:42:09.084000,6713.974,87.55834285714286,0 days 01:51:53.974000
1140,4,117,13,18,0,15,187.306,1:22.722,23,Brakes,,1526.239,00:25:26.239000,19722.06,101.74926666666667,0 days 05:28:42.060000
1140,848,3,9,19,0,0,,,4,Collision,,,,,,NaT
1140,852,215,11,20,0,0,,,4,Collision,,,,,,NaT
1141,830,9,17,1,26,69,192.767,1:20.472,1,Finished,1.0,7614.43,02:06:54.430000,7614.43,110.3540579710145,0 days 02:06:54.430000
1141,839,214,4,2,18,69,189.705,1:21.771,1,Finished,2.0,7633.907,02:07:13.907000,7633.907,110.63633333333334,0 days 02:07:13.907000
1141,842,214,13,3,15,69,189.998,1:21.645,1,Finished,3.0,7636.962,02:07:16.962000,7636.962,110.68060869565218,0 days 02:07:16.962000
1141,847,131,2,4,12,69,189.998,1:21.645,1,Finished,4.0,7637.695,02:07:17.695000,7637.695,110.69123188405797,0 days 02:07:17.695000
1141,844,6,6,5,10,69,190.03,1:21.631,1,Finished,5.0,7644.607,02:07:24.607000,7644.607,110.79140579710145,0 days 02:07:24.607000
1141,846,1,1,6,8,69,190.296,1:21.517,1,Finished,6.0,7645.802,02:07:25.802000,7645.802,110.80872463768115,0 days 02:07:25.802000
1141,852,215,3,7,6,69,189.573,1:21.828,1,Finished,7.0,7656.486,02:07:36.486000,7656.486,110.9635652173913,0 days 02:07:36.486000
1141,857,1,8,8,4,69,190.261,1:21.532,1,Finished,8.0,7649.373,02:07:29.373000,7649.373,110.86047826086956,0 days 02:07:29.373000
1141,859,215,5,9,2,69,188.892,1:22.123,1,Finished,9.0,7664.882,02:07:44.882000,7664.882,111.08524637681158,0 days 02:07:44.882000
1141,1,131,14,10,1,69,189.081,1:22.041,1,Finished,10.0,7665.183,02:07:45.183000,7665.183,111.08960869565217,0 days 02:07:45.183000
1141,815,9,12,11,0,69,188.846,1:22.143,1,Finished,11.0,7665.961,02:07:45.961000,7665.961,111.10088405797102,0 days 02:07:45.961000
1141,860,210,15,12,0,69,188.042,1:22.494,1,Finished,12.0,7671.515,02:07:51.515000,7671.515,111.1813768115942,0 days 02:07:51.515000
1141,822,15,11,13,0,69,187.173,1:22.877,1,Finished,13.0,7678.018,02:07:58.018000,7678.018,111.2756231884058,0 days 02:07:58.018000
1141,4,117,9,14,0,69,188.502,1:22.293,1,Finished,14.0,7692.479,02:08:12.479000,7692.479,111.48520289855072,0 days 02:08:12.479000
1141,855,15,19,15,0,69,186.765,1:23.058,1,Finished,15.0,7694.079,02:08:14.079000,7694.079,111.50839130434782,0 days 02:08:14.079000
1141,832,6,0,16,0,38,184.23,1:24.201,3,Accident,,4944.199,01:22:24.199000,17775.697,130.1105,0 days 04:56:15.697000
1141,861,3,16,17,0,30,184.022,1:24.296,3,Accident,,2708.261,00:45:08.261000,13828.381,90.27536666666667,0 days 03:50:28.381000
1141,848,3,7,18,0,0,,,54,Withdrew,,,,,,NaT
1141,840,117,10,19,0,0,,,54,Withdrew,,,,,,NaT
1141,807,210,17,20,0,0,185.191,1:23.764,2,Disqualified,,2957.869,00:49:17.869000,2957.869,inf,0 days 00:49:17.869000
1142,847,131,1,1,25,50,233.225,1:35.717,1,Finished,1.0,4925.969,01:22:05.969000,4925.969,98.51938,0 days 01:22:05.969000
1142,1,131,10,2,18,50,233.803,1:35.480,1,Finished,2.0,4933.282,01:22:13.282000,4933.282,98.66564,0 days 01:22:13.282000
1142,832,6,2,3,15,50,232.84,1:35.875,1,Finished,3.0,4937.875,01:22:17.875000,4937.875,98.7575,0 days 01:22:17.875000
1142,844,6,4,4,12,50,233.329,1:35.674,1,Finished,4.0,4940.252,01:22:20.252000,4940.252,98.80504,0 days 01:22:20.252000
1142,830,9,5,5,10,50,231.938,1:36.248,1,Finished,5.0,4942.551,01:22:22.551000,4942.551,98.85102,0 days 01:22:22.551000
1142,846,1,6,6,9,50,235.292,1:34.876,1,Finished,6.0,4969.354,01:22:49.354000,4969.354,99.38708000000001,0 days 01:22:49.354000
1142,857,1,8,7,6,50,231.097,1:36.598,1,Finished,7.0,4977.334,01:22:57.334000,4977.334,99.54668,0 days 01:22:57.334000
1142,807,210,9,8,4,50,231.129,1:36.585,1,Finished,8.0,4985.777,01:23:05.777000,4985.777,99.71554,0 days 01:23:05.777000
1142,852,215,7,9,2,50,230.242,1:36.957,1,Finished,9.0,4988.777,01:23:08.777000,4988.777,99.77554,0 days 01:23:08.777000
1142,815,9,15,10,1,50,231.75,1:36.326,1,Finished,10.0,4989.083,01:23:09.083000,4989.083,99.78165999999999,0 days 01:23:09.083000
1142,4,117,16,11,0,50,231.205,1:36.553,1,Finished,11.0,4995.164,01:23:15.164000,4995.164,99.90328,0 days 01:23:15.164000
1142,825,210,12,12,0,50,231.196,1:36.557,1,Finished,12.0,4995.772,01:23:15.772000,4995.772,99.91544,0 days 01:23:15.772000
1142,855,15,13,13,0,50,231.755,1:36.324,1,Finished,13.0,5000.054,01:23:20.054000,5000.054,100.00108,0 days 01:23:20.054000
1142,861,3,0,14,0,50,230.456,1:36.867,1,Finished,14.0,5001.141,01:23:21.141000,5001.141,100.02282,0 days 01:23:21.141000
1142,840,117,18,15,0,50,229.716,1:37.179,1,Finished,15.0,5010.071,01:23:30.071000,5010.071,100.20142,0 days 01:23:30.071000
1142,859,215,14,16,0,50,230.187,1:36.980,1,Finished,16.0,5016.974,01:23:36.974000,5016.974,100.33948000000001,0 days 01:23:36.974000
1142,839,214,11,17,0,49,231.306,1:36.511,11,+1 Lap,17.0,4928.029,01:22:08.029000,5430.889,100.57202040816327,0 days 01:30:30.889000
1142,822,15,19,18,0,49,231.09,1:36.601,11,+1 Lap,18.0,4937.254,01:22:17.254000,5441.055,100.76028571428571,0 days 01:30:41.055000
1142,848,3,17,19,0,25,227.773,1:38.008,21,Radiator,,2532.021,00:42:12.021000,9115.276,101.28084000000001,0 days 02:31:55.276000
1142,842,214,3,20,0,15,227.064,1:38.314,5,Engine,,1536.973,00:25:36.973000,10758.811,102.46486666666667,0 days 02:59:18.811000
1143,830,9,2,1,25,57,235.31,1:22.905,1,Finished,1.0,5465.323,01:31:05.323000,5465.323,95.8828596491228,0 days 01:31:05.323000
1143,844,6,5,2,18,57,234.357,1:23.242,1,Finished,2.0,5471.354,01:31:11.354000,5471.354,95.98866666666667,0 days 01:31:11.354000
1143,857,1,4,3,15,57,234.425,1:23.218,1,Finished,3.0,5472.142,01:31:12.142000,5472.142,96.00249122807017,0 days 01:31:12.142000
1143,847,131,1,4,12,57,234.039,1:23.355,1,Finished,4.0,5474.427,01:31:14.427000,5474.427,96.04257894736841,0 days 01:31:14.427000
1143,842,214,11,5,10,57,233.061,1:23.705,1,Finished,5.0,5482.105,01:31:22.105000,5482.105,96.17728070175438,0 days 01:31:22.105000
1143,832,6,7,6,8,57,233.731,1:23.465,1,Finished,6.0,5482.799,01:31:22.799000,5482.799,96.18945614035087,0 days 01:31:22.799000
1143,4,117,8,7,6,57,233.167,1:23.667,1,Finished,7.0,5485.19,01:31:25.190000,5485.19,96.23140350877192,0 days 01:31:25.190000
1143,855,15,12,8,4,57,232.55,1:23.889,1,Finished,8.0,5490.683,01:31:30.683000,5490.683,96.32777192982456,0 days 01:31:30.683000
1143,825,210,10,9,2,57,231.528,1:24.259,1,Finished,9.0,5497.5,01:31:37.500000,5497.5,96.44736842105263,0 days 01:31:37.500000
1143,846,1,3,10,2,57,236.798,1:22.384,1,Finished,10.0,5501.085,01:31:41.085000,5501.085,96.51026315789474,0 days 01:31:41.085000
1143,822,15,13,11,0,57,228.08,1:25.533,1,Finished,11.0,5515.566,01:31:55.566000,5515.566,96.76431578947368,0 days 01:31:55.566000
1143,1,131,6,12,0,57,232.616,1:23.865,1,Finished,12.0,5521.445,01:32:01.445000,5521.445,96.86745614035087,0 days 01:32:01.445000
1143,852,215,14,13,0,57,226.462,1:26.144,1,Finished,13.0,5526.423,01:32:06.423000,5526.423,96.9547894736842,0 days 01:32:06.423000
1143,859,215,17,14,0,57,226.641,1:26.076,1,Finished,14.0,5527.979,01:32:07.979000,5527.979,96.98208771929825,0 days 01:32:07.979000
1143,848,3,16,15,0,56,228.011,1:25.559,11,+1 Lap,15.0,5478.292,01:31:18.292000,6022.208,97.82664285714286,0 days 01:40:22.208000
1143,807,210,18,16,0,39,227.458,1:25.767,20,Spun off,,3834.508,01:03:54.508000,8910.807,98.32071794871794,0 days 02:28:30.807000
1143,815,9,9,17,0,38,228.735,1:25.288,20,Spun off,,3690.177,01:01:30.177000,8967.13,97.10992105263158,0 days 02:29:27.130000
1143,840,117,15,18,0,8,214.531,1:30.935,130,Collision damage,,971.562,00:16:11.562000,17444.396,121.44525,0 days 04:50:44.396000
1143,861,3,19,19,0,0,,,4,Collision,,,,,,NaT
1143,839,214,20,20,0,0,,,4,Collision,,,,,,NaT
1144,846,1,1,1,25,58,217.429,1:27.438,1,Finished,1.0,5193.291,01:26:33.291000,5193.291,89.5395,0 days 01:26:33.291000
1144,832,6,3,2,18,58,216.619,1:27.765,1,Finished,2.0,5199.123,01:26:39.123000,5199.123,89.64005172413792,0 days 01:26:39.123000
1144,844,6,19,3,15,58,215.996,1:28.018,1,Finished,3.0,5225.219,01:27:05.219000,5225.219,90.08998275862069,0 days 01:27:05.219000
1144,1,131,16,4,12,58,217.828,1:27.278,1,Finished,4.0,5229.774,01:27:09.774000,5229.774,90.16851724137932,0 days 01:27:09.774000
1144,847,131,6,5,10,58,215.563,1:28.195,1,Finished,5.0,5230.829,01:27:10.829000,5230.829,90.18670689655173,0 days 01:27:10.829000
1144,830,9,4,6,8,58,216.619,1:27.765,1,Finished,6.0,5243.138,01:27:23.138000,5243.138,90.39893103448276,0 days 01:27:23.138000
1144,842,214,5,7,6,58,213.012,1:29.251,1,Finished,7.0,5265.851,01:27:45.851000,5265.851,90.79053448275862,0 days 01:27:45.851000
1144,807,210,7,8,4,58,213.249,1:29.152,1,Finished,8.0,5268.845,01:27:48.845000,5268.845,90.8421551724138,0 days 01:27:48.845000
1144,4,117,8,9,2,58,216.168,1:27.948,1,Finished,9.0,5275.664,01:27:55.664000,5275.664,90.95972413793103,0 days 01:27:55.664000
1144,857,1,2,10,1,58,216.804,1:27.690,1,Finished,10.0,5277.112,01:27:57.112000,5277.112,90.98468965517242,0 days 01:27:57.112000
1144,848,3,18,11,0,57,212.567,1:29.438,11,+1 Lap,11.0,5204.542,01:26:44.542000,5719.518,91.30775438596491,0 days 01:35:19.518000
1144,852,215,11,12,0,57,213.134,1:29.200,11,+1 Lap,12.0,5208.029,01:26:48.029000,5723.35,91.3689298245614,0 days 01:35:23.350000
1144,855,15,15,13,0,57,216.085,1:27.982,11,+1 Lap,13.0,5210.595,01:26:50.595000,5726.17,91.41394736842106,0 days 01:35:26.170000
1144,840,117,13,14,0,57,214.568,1:28.604,11,+1 Lap,14.0,5206.764,01:26:46.764000,5721.96,91.34673684210526,0 days 01:35:21.960000
1144,862,214,17,15,0,57,213.323,1:29.121,11,+1 Lap,15.0,5219.846,01:26:59.846000,5736.336,91.57624561403507,0 days 01:35:36.336000
1144,825,210,14,16,0,57,222.002,1:25.637,11,+1 Lap,16.0,5270.888,01:27:50.888000,5792.428,92.47171929824562,0 days 01:36:32.428000
1144,859,215,12,17,0,55,214.212,1:28.751,5,Engine,17.0,5076.949,01:24:36.949000,6103.416,92.30816363636363,0 days 01:41:43.416000
1144,822,15,9,18,0,30,212.462,1:29.482,130,Collision damage,,2847.28,00:47:27.280000,10403.961,94.90933333333334,0 days 02:53:23.961000
1144,861,3,20,19,0,26,212.631,1:29.411,5,Engine,,2470.43,00:41:10.430000,11077.028,95.01653846153846,0 days 03:04:37.028000
1144,815,9,10,20,0,0,,,4,Collision,,,,,,NaT
