RACEID,DRIVERID,CONSTRUCTORID,GRID,POSITIONORDER,POSITION,POINTS,STATUSID,STATUS,LAPS,FASTESTLAPSPEED,FASTESTLAPTIME,ESTIMATED_FINISH_TIME,ESTIMATED_FINISH_TIME_STR,AVG_LAP_TIME
1121,830,9,1,1,1.0,26,1,Finished,57,210.383,1:32.608,5504.742,0 days 01:31:44.742000,96.57442105263158
1121,815,9,5,2,2.0,18,1,Finished,57,206.468,1:34.364,5527.199,0 days 01:32:07.199000,96.96840350877191
1121,832,6,4,3,3.0,15,1,Finished,57,206.156,1:34.507,5529.852,0 days 01:32:09.852000,97.01494736842103
1121,844,6,2,4,4.0,12,1,Finished,57,207.069,1:34.090,5544.411,0 days 01:32:24.411000,97.27036842105264
1121,847,131,3,5,5.0,10,1,Finished,57,204.946,1:35.065,5551.53,0 days 01:32:31.530000,97.39526315789472
1121,846,1,7,6,6.0,8,1,Finished,57,206.223,1:34.476,5553.2,0 days 01:32:33.200000,97.42456140350878
1121,1,131,9,7,7.0,6,1,Finished,57,205.688,1:34.722,5555.066,0 days 01:32:35.066000,97.45729824561404
1121,857,1,8,8,8.0,4,1,Finished,57,205.123,1:34.983,5560.824,0 days 01:32:40.824000,97.55831578947368
1121,4,117,6,9,9.0,2,1,Finished,57,206.83,1:34.199,5579.629,0 days 01:32:59.629000,97.88822807017544
1121,840,117,12,10,10.0,1,1,Finished,57,203.73,1:35.632,5597.958,0 days 01:33:17.958000,98.2097894736842
1121,855,15,17,11,11.0,0,11,+1 Lap,56,204.102,1:35.458,6058.714,0 days 01:40:58.714000,98.41966071428573
1121,825,210,15,12,12.0,0,11,+1 Lap,56,203.863,1:35.570,6060.426,0 days 01:41:00.426000,98.44746428571428
1121,817,215,14,13,13.0,0,11,+1 Lap,56,204.735,1:35.163,6061.132,0 days 01:41:01.132000,98.45892857142856
1121,852,215,11,14,14.0,0,11,+1 Lap,56,203.303,1:35.833,6061.708,0 days 01:41:01.708000,98.46828571428571
1121,848,3,13,15,15.0,0,11,+1 Lap,56,203.537,1:35.723,6064.35,0 days 01:41:04.350000,98.51121428571427
1121,807,210,10,16,16.0,0,11,+1 Lap,56,205.445,1:34.834,6070.667,0 days 01:41:10.667000,98.61382142857144
1121,839,214,19,17,17.0,0,11,+1 Lap,56,202.473,1:36.226,6085.857,0 days 01:41:25.857000,98.86057142857145
1121,842,214,20,18,18.0,0,11,+1 Lap,56,205.508,1:34.805,6086.92,0 days 01:41:26.920000,98.87783928571427
1121,822,15,16,19,19.0,0,11,+1 Lap,56,202.523,1:36.202,6142.778,0 days 01:42:22.778000,99.78521428571428
1121,858,3,18,20,20.0,0,12,+2 Laps,55,205.659,1:34.735,6356.377,0 days 01:45:56.377000,100.4643090909091
1122,830,9,1,1,1.0,25,1,Finished,50,242.188,1:31.773,4843.273,0 days 01:20:43.273000,96.86546
1122,815,9,3,2,2.0,18,1,Finished,50,240.876,1:32.273,4851.916,0 days 01:20:51.916000,97.03832
1122,844,6,2,3,3.0,16,1,Finished,50,242.561,1:31.632,4861.912,0 days 01:21:01.912000,97.23824
1122,857,1,5,4,4.0,12,1,Finished,50,240.779,1:32.310,4875.28,0 days 01:21:15.280000,97.5056
1122,4,117,4,5,5.0,10,1,Finished,50,240.579,1:32.387,4879.032,0 days 01:21:19.032000,97.58064
1122,847,131,7,6,6.0,8,1,Finished,50,240.926,1:32.254,4883.209,0 days 01:21:23.209000,97.66418
1122,860,6,11,7,7.0,6,1,Finished,50,241.103,1:32.186,4885.952,0 days 01:21:25.952000,97.71904
1122,846,1,6,8,8.0,4,1,Finished,50,241.738,1:31.944,4888.981,0 days 01:21:28.981000,97.77962
1122,1,131,8,9,9.0,2,1,Finished,50,242.26,1:31.746,4890.664,0 days 01:21:30.664000,97.81328
1122,807,210,15,10,10.0,1,1,Finished,50,240.633,1:32.366,4920.269,0 days 01:22:00.269000,98.40538
1122,848,3,12,11,11.0,0,1,Finished,50,240.787,1:32.307,4931.627,0 days 01:22:11.627000,98.63254
1122,825,210,13,12,12.0,0,1,Finished,50,240.706,1:32.338,4929.01,0 days 01:22:09.010000,98.5802
1122,839,214,17,13,13.0,0,11,+1 Lap,49,237.763,1:33.481,5341.894,0 days 01:29:01.894000,98.92395918367347
1122,858,3,19,14,14.0,0,11,+1 Lap,49,237.657,1:33.523,5344.962,0 days 01:29:04.962000,98.98077551020408
1122,852,215,9,15,15.0,0,11,+1 Lap,49,238.926,1:33.026,5343.582,0 days 01:29:03.582000,98.95522448979592
1122,817,215,14,16,16.0,0,11,+1 Lap,49,238.166,1:33.323,5360.313,0 days 01:29:20.313000,99.2650612244898
1122,822,15,16,17,17.0,0,11,+1 Lap,49,239.751,1:32.706,5362.958,0 days 01:29:22.958000,99.31404081632652
1122,855,15,20,18,18.0,0,11,+1 Lap,49,241.046,1:32.208,5370.053,0 days 01:29:30.053000,99.44542857142858
1122,840,117,10,19,,0,3,Accident,5,232.591,1:35.560,11654.592,0 days 03:14:14.592000,97.1216
1122,842,214,18,20,,0,6,Gearbox,1,,,15303.078,0 days 04:15:03.078000,121.453
1123,832,6,2,1,1.0,25,1,Finished,58,237.418,1:20.031,4826.843,0 days 01:20:26.843000,83.22143103448276
1123,844,6,4,2,2.0,19,1,Finished,58,238.066,1:19.813,4829.209,0 days 01:20:29.209000,83.26222413793103
1123,846,1,3,3,3.0,15,1,Finished,58,237.762,1:19.915,4832.747,0 days 01:20:32.747000,83.32322413793104
1123,857,1,5,4,4.0,12,1,Finished,58,236.92,1:20.199,4862.613,0 days 01:21:02.613000,83.83815517241379
1123,815,9,6,5,5.0,10,1,Finished,58,236.363,1:20.388,4883.152,0 days 01:21:23.152000,84.19227586206897
1123,840,117,9,6,6.0,8,1,Finished,58,234.78,1:20.930,4920.065,0 days 01:22:00.065000,84.82870689655172
1123,852,215,8,7,7.0,6,1,Finished,58,234.19,1:21.134,4922.444,0 days 01:22:02.444000,84.86972413793104
1123,4,117,10,8,8.0,4,1,Finished,58,236.055,1:20.493,4907.835,0 days 01:21:47.835000,84.61784482758621
1123,807,210,16,9,9.0,2,1,Finished,58,234.158,1:21.145,4931.396,0 days 01:22:11.396000,85.02406896551723
1123,825,210,14,10,10.0,1,11,+1 Lap,57,234.34,1:21.082,5308.931,0 days 01:28:28.931000,84.75305263157895
1123,848,3,12,11,11.0,0,11,+1 Lap,57,232.801,1:21.618,5309.951,0 days 01:28:29.951000,84.76933333333334
1123,817,215,18,12,12.0,0,11,+1 Lap,57,233.887,1:21.239,5317.093,0 days 01:28:37.093000,84.88335087719298
1123,842,214,17,13,13.0,0,11,+1 Lap,57,234.317,1:21.090,5343.957,0 days 01:29:03.957000,85.3122105263158
1123,822,15,13,14,14.0,0,11,+1 Lap,57,233.361,1:21.422,5350.96,0 days 01:29:10.960000,85.42401754385965
1123,855,15,19,15,15.0,0,11,+1 Lap,57,233.634,1:21.327,5353.122,0 days 01:29:13.122000,85.45852631578948
1123,839,214,15,16,16.0,0,11,+1 Lap,57,233.557,1:21.354,5363.766,0 days 01:29:23.766000,85.62845614035088
1123,847,131,7,17,17.0,0,3,Accident,56,236.669,1:20.284,5385.771,0 days 01:29:45.771000,83.65596428571429
1123,1,131,11,18,,0,5,Engine,15,230.469,1:22.444,11567.198,0 days 03:12:47.198000,85.2284
1123,830,9,1,19,,0,23,Brakes,3,228.608,1:23.115,13293.878,0 days 03:41:33.878000,84.89066666666666
1124,830,9,1,1,1.0,26,1,Finished,53,223.093,1:33.706,6863.566,0 days 01:54:23.566000,129.50124528301887
1124,815,9,2,2,2.0,18,1,Finished,53,222.525,1:33.945,6876.101,0 days 01:54:36.101000,129.73775471698113
1124,832,6,4,3,3.0,15,1,Finished,53,222.772,1:33.841,6884.432,0 days 01:54:44.432000,129.8949433962264
1124,844,6,8,4,4.0,12,1,Finished,53,219.952,1:35.044,6890.088,0 days 01:54:50.088000,130.0016603773585
1124,846,1,3,5,5.0,10,1,Finished,53,219.624,1:35.186,6893.266,0 days 01:54:53.266000,130.06162264150942
1124,4,117,5,6,6.0,8,1,Finished,53,220.691,1:34.726,6907.838,0 days 01:55:07.838000,130.33656603773585
1124,847,131,9,7,7.0,6,1,Finished,53,221.444,1:34.404,6909.517,0 days 01:55:09.517000,130.3682452830189
1124,857,1,6,8,8.0,4,1,Finished,53,220.514,1:34.802,6911.091,0 days 01:55:11.091000,130.39794339622642
1124,1,131,7,9,9.0,2,1,Finished,53,222.509,1:33.952,6912.192,0 days 01:55:12.192000,130.41871698113206
1124,852,215,10,10,10.0,1,11,+1 Lap,52,216.989,1:36.342,7556.966,0 days 02:05:56.966000,132.02246153846153
1124,807,210,12,11,11.0,0,11,+1 Lap,52,219.304,1:35.325,7563.093,0 days 02:06:03.093000,132.1295
1124,840,117,16,12,12.0,0,11,+1 Lap,52,218.221,1:35.798,7567.567,0 days 02:06:07.567000,132.20767307692307
1124,825,210,18,13,13.0,0,11,+1 Lap,52,216.289,1:36.654,7574.927,0 days 02:06:14.927000,132.33625
1124,822,15,13,14,14.0,0,11,+1 Lap,52,216.392,1:36.608,7575.999,0 days 02:06:15.999000,132.35498076923076
1124,839,214,15,15,15.0,0,11,+1 Lap,52,217.237,1:36.232,7600.501,0 days 02:06:40.501000,132.78303846153847
1124,842,214,17,16,16.0,0,11,+1 Lap,52,216.315,1:36.642,7615.817,0 days 02:06:55.817000,133.05061538461538
1124,858,3,19,17,17.0,0,11,+1 Lap,52,220.286,1:34.900,7635.3,0 days 02:07:15.300000,133.39098076923077
1124,855,15,20,18,,0,6,Gearbox,12,215.162,1:37.160,29898.052,0 days 08:18:18.052000,247.4185
1124,817,215,11,19,,0,3,Accident,0,,,,NaT,
1124,848,3,14,20,,0,3,Accident,0,,,,NaT,
1125,830,9,1,1,1.0,25,1,Finished,56,199.414,1:38.406,6052.554,0 days 01:40:52.554000,108.08132142857144
1125,846,1,4,2,2.0,18,1,Finished,56,198.717,1:38.751,6066.327,0 days 01:41:06.327000,108.32726785714286
1125,815,9,2,3,3.0,15,1,Finished,56,197.444,1:39.388,6071.714,0 days 01:41:11.714000,108.42346428571427
1125,844,6,6,4,4.0,12,1,Finished,56,197.452,1:39.384,6076.177,0 days 01:41:16.177000,108.50316071428573
1125,832,6,7,5,5.0,10,1,Finished,56,196.7,1:39.764,6086.537,0 days 01:41:26.537000,108.68816071428571
1125,847,131,8,6,6.0,8,1,Finished,56,196.016,1:40.112,6091.278,0 days 01:41:31.278000,108.77282142857143
1125,4,117,3,7,7.0,7,1,Finished,56,200.629,1:37.810,6095.968,0 days 01:41:35.968000,108.85657142857144
1125,857,1,5,8,8.0,4,1,Finished,56,196.749,1:39.739,6108.752,0 days 01:41:48.752000,109.08485714285716
1125,1,131,18,9,9.0,2,1,Finished,56,194.61,1:40.835,6110.54,0 days 01:41:50.540000,109.11678571428573
1125,807,210,9,10,10.0,1,1,Finished,56,194.649,1:40.815,6113.03,0 days 01:41:53.030000,109.16125
1125,839,214,13,11,11.0,0,1,Finished,56,194.414,1:40.937,6115.366,0 days 01:41:55.366000,109.20296428571427
1125,848,3,14,12,12.0,0,1,Finished,56,194.697,1:40.790,6118.06,0 days 01:41:58.060000,109.25107142857144
1125,842,214,15,13,13.0,0,1,Finished,56,197.822,1:39.198,6121.777,0 days 01:42:01.777000,109.31744642857144
1125,855,15,16,14,14.0,0,1,Finished,56,198.955,1:38.633,6124.243,0 days 01:42:04.243000,109.36148214285716
1125,840,117,11,15,15.0,0,1,Finished,56,197.333,1:39.444,6135.34,0 days 01:42:15.340000,109.55964285714286
1125,825,210,17,16,16.0,0,1,Finished,56,194.145,1:41.077,6130.087,0 days 01:42:10.087000,109.4658392857143
1125,858,3,20,17,17.0,0,1,Finished,56,194.293,1:41.000,6137.664,0 days 01:42:17.664000,109.60114285714285
1125,817,215,12,18,,0,31,Retired,33,194.304,1:40.994,11211.709,0 days 03:06:51.709000,115.06269696969696
1125,852,215,19,19,,0,31,Retired,26,193.158,1:41.593,12126.303,0 days 03:22:06.303000,111.04673076923078
1125,822,15,10,20,,0,31,Retired,19,193.763,1:41.276,12595.883,0 days 03:29:55.883000,104.13263157894735
1126,846,1,5,1,1.0,25,1,Finished,57,214.148,1:30.980,5449.876,0 days 01:30:49.876000,95.6118596491228
1126,830,9,1,2,2.0,18,1,Finished,57,213.488,1:31.261,5457.488,0 days 01:30:57.488000,95.74540350877191
1126,844,6,2,3,3.0,15,1,Finished,57,213.903,1:31.084,5459.796,0 days 01:30:59.796000,95.78589473684212
1126,815,9,4,4,4.0,12,1,Finished,57,214.442,1:30.855,5464.526,0 days 01:31:04.526000,95.86887719298244
1126,832,6,3,5,5.0,10,1,Finished,57,214.27,1:30.928,5461.283,0 days 01:31:01.283000,95.81198245614036
1126,1,131,8,6,6.0,8,1,Finished,57,213.554,1:31.233,5466.461,0 days 01:31:06.461000,95.90282456140352
1126,852,215,10,7,7.0,6,1,Finished,57,212.508,1:31.682,5476.061,0 days 01:31:16.061000,96.07124561403508
1126,847,131,7,8,8.0,4,1,Finished,57,211.955,1:31.921,5484.665,0 days 01:31:24.665000,96.22219298245614
1126,4,117,15,9,9.0,2,1,Finished,57,212.404,1:31.727,5486.983,0 days 01:31:26.983000,96.26285964912282
1126,839,214,13,10,10.0,1,1,Finished,57,211.688,1:32.037,5489.622,0 days 01:31:29.622000,96.30915789473684
1126,807,210,9,11,11.0,0,1,Finished,57,211.909,1:31.941,5490.665,0 days 01:31:30.665000,96.32745614035088
1126,842,214,12,12,12.0,0,1,Finished,57,211.647,1:32.055,5494.834,0 days 01:31:34.834000,96.40059649122809
1126,857,1,6,13,13.0,0,1,Finished,57,214.965,1:30.634,5499.632,0 days 01:31:39.632000,96.48477192982456
1126,855,15,19,14,14.0,0,1,Finished,57,211.794,1:31.991,5499.855,0 days 01:31:39.855000,96.4886842105263
1126,817,215,20,15,15.0,0,1,Finished,57,211.493,1:32.122,5500.832,0 days 01:31:40.832000,96.50582456140351
1126,822,15,16,16,16.0,0,1,Finished,57,211.548,1:32.098,5502.232,0 days 01:31:42.232000,96.53038596491228
1126,840,117,11,17,17.0,0,1,Finished,57,212.726,1:31.588,5495.049,0 days 01:31:35.049000,96.40436842105264
1126,848,3,14,18,18.0,0,1,Finished,57,214.456,1:30.849,5525.967,0 days 01:32:05.967000,96.9467894736842
1126,825,210,18,19,19.0,0,1,Finished,57,212.295,1:31.774,5504.559,0 days 01:31:44.559000,96.5712105263158
1126,858,3,17,20,,0,4,Collision,27,208.483,1:33.452,10635.573,0 days 02:57:15.573000,95.68666666666668
1127,830,9,1,1,1.0,25,1,Finished,63,219.898,1:20.366,5125.252,0 days 01:25:25.252000,81.35320634920636
1127,846,1,2,2,2.0,18,1,Finished,63,220.921,1:19.994,5125.977,0 days 01:25:25.977000,81.36471428571429
1127,844,6,3,3,3.0,15,1,Finished,63,221.084,1:19.935,5133.168,0 days 01:25:33.168000,81.47885714285714
1127,857,1,5,4,4.0,12,1,Finished,63,221.162,1:19.907,5139.384,0 days 01:25:39.384000,81.57752380952381
1127,832,6,4,5,5.0,10,1,Finished,63,220.299,1:20.220,5147.577,0 days 01:25:47.577000,81.70757142857143
1127,1,131,8,6,6.0,8,1,Finished,63,219.994,1:20.331,5160.356,0 days 01:26:00.356000,81.9104126984127
1127,847,131,6,7,7.0,7,1,Finished,63,224.871,1:18.589,5172.406,0 days 01:26:12.406000,82.10168253968254
1127,815,9,11,8,8.0,4,1,Finished,63,221.775,1:19.686,5180.028,0 days 01:26:20.028000,82.22266666666667
1127,840,117,13,9,9.0,2,1,Finished,63,219.342,1:20.570,5204.808,0 days 01:26:44.808000,82.616
1127,852,215,7,10,10.0,1,11,+1 Lap,62,218.35,1:20.936,5644.146,0 days 01:34:04.146000,82.95335483870969
1127,807,210,10,11,11.0,0,11,+1 Lap,62,216.308,1:21.700,5652.29,0 days 01:34:12.290000,83.07304838709678
1127,825,210,18,12,12.0,0,11,+1 Lap,62,218.153,1:21.009,5653.56,0 days 01:34:13.560000,83.09170967741935
1127,817,215,9,13,13.0,0,11,+1 Lap,62,216.655,1:21.569,5654.906,0 days 01:34:14.906000,83.11149999999999
1127,839,214,12,14,14.0,0,11,+1 Lap,62,217.361,1:21.304,5672.735,0 days 01:34:32.735000,83.37353225806451
1127,855,15,17,15,15.0,0,11,+1 Lap,62,218.134,1:21.016,5673.861,0 days 01:34:33.861000,83.39008064516129
1127,842,214,15,16,16.0,0,11,+1 Lap,62,217.183,1:21.371,5679.109,0 days 01:34:39.109000,83.46720967741935
1127,858,3,19,17,17.0,0,11,+1 Lap,62,217.562,1:21.229,5680.575,0 days 01:34:40.575000,83.48875806451613
1127,822,15,16,18,18.0,0,11,+1 Lap,62,216.959,1:21.455,5686.383,0 days 01:34:46.383000,83.57411290322581
1127,4,117,20,19,19.0,0,11,+1 Lap,62,223.689,1:19.004,5706.993,0 days 01:35:06.993000,83.87703225806452
1127,848,3,14,20,,0,31,Retired,51,217.442,1:21.274,7642.392,0 days 02:07:22.392000,86.03390196078432
1128,844,6,1,1,1.0,25,1,Finished,78,,,8595.554,0 days 02:23:15.554000,110.19941025641026
1128,857,1,2,2,2.0,18,1,Finished,78,,,8602.706,0 days 02:23:22.706000,110.29110256410256
1128,832,6,3,3,3.0,15,1,Finished,78,,,8603.139,0 days 02:23:23.139000,110.29665384615384
1128,846,1,4,4,4.0,12,1,Finished,78,,,8604.204,0 days 02:23:24.204000,110.31030769230767
1128,847,131,5,5,5.0,10,1,Finished,78,,,8608.863,0 days 02:23:28.863000,110.37003846153846
1128,830,9,6,6,6.0,8,1,Finished,78,,,8609.407,0 days 02:23:29.407000,110.37701282051282
1128,1,131,7,7,7.0,7,1,Finished,78,,,8610.462,0 days 02:23:30.462000,110.39053846153844
1128,852,215,8,8,8.0,4,11,+1 Lap,77,,,9446.959,0 days 02:37:26.959000,112.1433896103896
1128,848,3,9,9,9.0,2,11,+1 Lap,77,,,9462.894,0 days 02:37:42.894000,112.33254545454544
1128,842,214,10,10,10.0,1,11,+1 Lap,77,,,9469.665,0 days 02:37:49.665000,112.41292207792208
1128,4,117,14,11,11.0,0,12,+2 Laps,76,,,9796.536,0 days 02:43:16.536000,113.15010526315788
1128,817,215,12,12,12.0,0,12,+2 Laps,76,,,9797.003,0 days 02:43:17.003000,113.1555
1128,822,15,17,13,13.0,0,12,+2 Laps,76,,,9797.258,0 days 02:43:17.258000,113.15844736842104
1128,840,117,13,14,14.0,0,12,+2 Laps,76,,,9798.943,0 days 02:43:18.943000,113.17790789473683
1128,858,3,15,15,15.0,0,12,+2 Laps,76,,,9802.428,0 days 02:43:22.428000,113.21815789473683
1128,855,15,18,16,16.0,0,12,+2 Laps,76,,,9855.098,0 days 02:44:15.098000,113.8265
1128,839,214,11,17,,0,4,Collision,0,,,,NaT,
1128,815,9,16,18,,0,4,Collision,0,,,,NaT,
1128,807,210,19,19,,0,4,Collision,0,,,,NaT,
1128,825,210,20,20,,0,4,Collision,0,,,,NaT,
1129,830,9,2,1,1.0,25,1,Finished,70,207.751,1:15.569,6347.927,0 days 01:45:47.927000,90.68467142857142
1129,846,1,3,2,2.0,18,1,Finished,70,207.782,1:15.558,6351.806,0 days 01:45:51.806000,90.74008571428573
1129,847,131,1,3,3.0,15,1,Finished,70,209.621,1:14.895,6352.244,0 days 01:45:52.244000,90.74634285714284
1129,1,131,7,4,4.0,13,1,Finished,70,209.73,1:14.856,6352.842,0 days 01:45:52.842000,90.7548857142857
1129,857,1,4,5,5.0,10,1,Finished,70,205.904,1:16.247,6358.126,0 days 01:45:58.126000,90.83037142857142
1129,4,117,6,6,6.0,8,1,Finished,70,205.753,1:16.303,6365.437,0 days 01:46:05.437000,90.93481428571428
1129,840,117,9,7,7.0,6,1,Finished,70,204.523,1:16.762,6371.552,0 days 01:46:11.552000,91.02217142857144
1129,817,215,5,8,8.0,4,1,Finished,70,203.689,1:17.076,6376.599,0 days 01:46:16.599000,91.09427142857145
1129,842,214,15,9,9.0,2,1,Finished,70,203.856,1:17.013,6377.948,0 days 01:46:17.948000,91.11354285714286
1129,839,214,18,10,10.0,1,1,Finished,70,203.859,1:17.012,6378.24,0 days 01:46:18.240000,91.11771428571429
1129,807,210,17,11,11.0,0,1,Finished,70,204.733,1:16.683,6378.751,0 days 01:46:18.751000,91.12501428571429
1129,825,210,14,12,12.0,0,1,Finished,70,205.226,1:16.499,6379.18,0 days 01:46:19.180000,91.13114285714286
1129,822,15,0,13,13.0,0,1,Finished,70,203.231,1:17.250,6388.414,0 days 01:46:28.414000,91.26305714285714
1129,852,215,8,14,14.0,0,1,Finished,70,203.075,1:17.309,6400.621,0 days 01:46:40.621000,91.43744285714286
1129,855,15,0,15,15.0,0,11,+1 Lap,69,203.033,1:17.325,7013.768,0 days 01:56:53.768000,92.77471014492754
1129,832,6,12,16,,0,4,Collision,52,198.837,1:18.957,10249.172,0 days 02:50:49.172000,92.086
1129,848,3,10,17,,0,4,Collision,52,197.83,1:19.359,10250.388,0 days 02:50:50.388000,92.09692307692308
1129,815,9,16,18,,0,3,Accident,51,199.185,1:18.819,10474.531,0 days 02:54:34.531000,92.368
1129,844,6,11,19,,0,5,Engine,40,182.528,1:26.012,13115.289,0 days 03:38:35.289000,96.0827
1129,858,3,13,20,,0,3,Accident,23,181.531,1:26.484,16205.66,0 days 04:30:05.660000,94.10952173913044
1130,830,9,2,1,1.0,25,1,Finished,66,215.557,1:17.776,5300.227,0 days 01:28:20.227000,80.3064696969697
1130,846,1,1,2,2.0,19,1,Finished,66,217.405,1:17.115,5302.446,0 days 01:28:22.446000,80.3400909090909
1130,1,131,3,3,3.0,15,1,Finished,66,215.466,1:17.809,5318.017,0 days 01:28:38.017000,80.57601515151515
1130,847,131,4,4,4.0,12,1,Finished,66,214.142,1:18.290,5322.547,0 days 01:28:42.547000,80.64465151515151
1130,844,6,5,5,5.0,10,1,Finished,66,215.222,1:17.897,5322.936,0 days 01:28:42.936000,80.65054545454545
1130,832,6,6,6,6.0,8,1,Finished,66,213.463,1:18.539,5331.255,0 days 01:28:51.255000,80.77659090909091
1130,857,1,9,7,7.0,6,1,Finished,66,215.286,1:17.874,5333.987,0 days 01:28:53.987000,80.81798484848485
1130,815,9,11,8,8.0,4,1,Finished,66,215.532,1:17.785,5359.751,0 days 01:29:19.751000,81.20834848484849
1130,842,214,7,9,9.0,2,1,Finished,66,212.096,1:19.045,5362.252,0 days 01:29:22.252000,81.24624242424242
1130,839,214,8,10,10.0,1,1,Finished,66,212.266,1:18.982,5372.116,0 days 01:29:32.116000,81.39569696969697
1130,807,210,13,11,11.0,0,1,Finished,66,213.273,1:18.609,5374.442,0 days 01:29:34.442000,81.4309393939394
1130,4,117,10,12,12.0,0,11,+1 Lap,65,214.022,1:18.334,5822.725,0 days 01:37:02.725000,81.68806153846154
1130,855,15,15,13,13.0,0,11,+1 Lap,65,212.834,1:18.771,5829.282,0 days 01:37:09.282000,81.78004615384616
1130,840,117,14,14,14.0,0,11,+1 Lap,65,211.366,1:19.318,5840.002,0 days 01:37:20.002000,81.93044615384616
1130,817,215,18,15,15.0,0,11,+1 Lap,65,211.015,1:19.450,5860.616,0 days 01:37:40.616000,82.21964615384616
1130,822,15,12,16,16.0,0,11,+1 Lap,65,210.596,1:19.608,5870.774,0 days 01:37:50.774000,82.36215384615384
1130,825,210,16,17,17.0,0,11,+1 Lap,65,210.077,1:19.805,5872.392,0 days 01:37:52.392000,82.38484615384615
1130,848,3,0,18,18.0,0,11,+1 Lap,65,211.863,1:19.132,5876.078,0 days 01:37:56.078000,82.43655384615386
1130,852,215,17,19,19.0,0,11,+1 Lap,65,211.023,1:19.447,5882.389,0 days 01:38:02.389000,82.52509230769232
1130,858,3,19,20,20.0,0,12,+2 Laps,64,209.115,1:20.172,6072.674,0 days 01:41:12.674000,82.892078125
1131,847,131,3,1,1.0,25,1,Finished,71,224.752,1:09.164,5062.798,0 days 01:24:22.798000,71.30701408450705
1131,857,1,7,2,2.0,18,1,Finished,71,226.28,1:08.697,5064.704,0 days 01:24:24.704000,71.33385915492957
1131,832,6,4,3,3.0,15,1,Finished,71,224.369,1:09.282,5067.331,0 days 01:24:27.331000,71.37085915492958
1131,1,131,5,4,4.0,12,1,Finished,71,223.466,1:09.562,5085.94,0 days 01:24:45.940000,71.63295774647887
1131,830,9,1,5,5.0,10,1,Finished,71,229.548,1:07.719,5090.051,0 days 01:24:50.051000,71.69085915492958
1131,807,210,9,6,6.0,8,1,Finished,71,221.388,1:10.215,5116.886,0 days 01:25:16.886000,72.06881690140845
1131,815,9,8,7,7.0,6,1,Finished,71,223.043,1:09.694,5117.47,0 days 01:25:17.470000,72.07704225352113
1131,825,210,12,8,8.0,4,1,Finished,71,221.672,1:10.125,5123.153,0 days 01:25:23.153000,72.15708450704226
1131,817,215,11,9,9.0,2,1,Finished,71,220.725,1:10.426,5123.967,0 days 01:25:23.967000,72.16854929577464
1131,842,214,13,10,10.0,1,1,Finished,71,223.315,1:09.609,5124.564,0 days 01:25:24.564000,72.17695774647888
1131,844,6,6,11,11.0,0,1,Finished,71,223.396,1:09.584,5129.854,0 days 01:25:29.854000,72.25146478873239
1131,839,214,10,12,12.0,0,1,Finished,71,223.187,1:09.649,5131.123,0 days 01:25:31.123000,72.269338028169
1131,840,117,17,13,13.0,0,11,+1 Lap,70,221.615,1:10.143,5557.144,0 days 01:32:37.144000,72.47188571428572
1131,852,215,14,14,14.0,0,11,+1 Lap,70,221.064,1:10.318,5560.333,0 days 01:32:40.333000,72.51347142857144
1131,848,3,16,15,15.0,0,11,+1 Lap,70,220.919,1:10.364,5557.837,0 days 01:32:37.837000,72.48091428571428
1131,822,15,18,16,16.0,0,11,+1 Lap,70,220.653,1:10.449,5567.158,0 days 01:32:47.158000,72.60247142857142
1131,855,15,20,17,17.0,0,11,+1 Lap,70,220.587,1:10.470,5595.099,0 days 01:33:15.099000,72.96685714285715
1131,4,117,15,18,18.0,0,11,+1 Lap,70,229.633,1:07.694,5598.142,0 days 01:33:18.142000,73.00654285714285
1131,858,3,19,19,19.0,0,12,+2 Laps,69,220.788,1:10.406,5789.802,0 days 01:36:29.802000,73.46531884057971
1131,846,1,2,20,20.0,0,17,+7 Laps,64,228.546,1:08.016,6417.433,0 days 01:46:57.433000,71.73521875
1132,1,131,2,1,1.0,25,1,Finished,52,237.12,1:29.438,4947.059,0 days 01:22:27.059000,95.13575
1132,830,9,4,2,2.0,18,1,Finished,52,238.416,1:28.952,4948.524,0 days 01:22:28.524000,95.16392307692308
1132,846,1,3,3,3.0,15,1,Finished,52,237.588,1:29.262,4954.606,0 days 01:22:34.606000,95.2808846153846
1132,857,1,5,4,4.0,12,1,Finished,52,238.964,1:28.748,4959.488,0 days 01:22:39.488000,95.37476923076925
1132,832,6,7,5,5.0,11,1,Finished,52,240.195,1:28.293,4994.377,0 days 01:23:14.377000,96.04571153846156
1132,807,210,6,6,6.0,8,1,Finished,52,236.07,1:29.836,5002.781,0 days 01:23:22.781000,96.20732692307692
1132,840,117,8,7,7.0,6,1,Finished,52,235.909,1:29.897,5003.628,0 days 01:23:23.628000,96.2236153846154
1132,4,117,10,8,8.0,4,1,Finished,52,236.401,1:29.710,5010.636,0 days 01:23:30.636000,96.35838461538462
1132,848,3,9,9,9.0,2,1,Finished,52,236.38,1:29.718,5015.446,0 days 01:23:35.446000,96.4508846153846
1132,852,215,13,10,10.0,1,1,Finished,52,235.041,1:30.229,5026.362,0 days 01:23:46.362000,96.6608076923077
1132,858,3,12,11,11.0,0,1,Finished,52,235.713,1:29.972,5036.019,0 days 01:23:56.019000,96.84651923076925
1132,825,210,17,12,12.0,0,1,Finished,52,235.396,1:30.093,5037.212,0 days 01:23:57.212000,96.86946153846156
1132,817,215,15,13,13.0,0,11,+1 Lap,51,233.731,1:30.735,5458.527,0 days 01:30:58.527000,97.196
1132,844,6,11,14,14.0,0,11,+1 Lap,51,236.301,1:29.748,5492.153,0 days 01:31:32.153000,97.7947450980392
1132,822,15,16,15,15.0,0,11,+1 Lap,51,232.343,1:31.277,5493.637,0 days 01:31:33.637000,97.82117647058824
1132,839,214,18,16,16.0,0,12,+2 Laps,50,233.371,1:30.875,5723.216,0 days 01:35:23.216000,99.15482
1132,815,9,0,17,17.0,0,12,+2 Laps,50,236.409,1:29.707,5731.67,0 days 01:35:31.670000,99.30128
1132,855,15,14,18,18.0,0,12,+2 Laps,50,233.014,1:31.014,5773.772,0 days 01:36:13.772000,100.0307
1132,847,131,1,19,,0,34,Water pressure,33,232.289,1:31.298,8096.426,0 days 02:14:56.426000,96.11142424242423
1132,842,214,19,20,,0,6,Gearbox,0,,,,NaT,
1133,857,1,2,1,1.0,25,1,Finished,70,193.005,1:21.716,5881.989,0 days 01:38:01.989000,84.02841428571428
1133,846,1,1,2,2.0,18,1,Finished,70,193.014,1:21.712,5884.13,0 days 01:38:04.130000,84.059
1133,1,131,5,3,3.0,15,1,Finished,70,191.978,1:22.153,5896.869,0 days 01:38:16.869000,84.24098571428571
1133,844,6,6,4,4.0,12,1,Finished,70,191.91,1:22.182,5901.675,0 days 01:38:21.675000,84.30964285714286
1133,830,9,3,5,5.0,10,1,Finished,70,194.932,1:20.908,5903.338,0 days 01:38:23.338000,84.3334
1133,832,6,4,6,6.0,8,1,Finished,70,193.656,1:21.441,5905.062,0 days 01:38:25.062000,84.35802857142858
1133,815,9,16,7,7.0,6,1,Finished,70,194.48,1:21.096,5921.781,0 days 01:38:41.781000,84.59687142857143
1133,847,131,17,8,8.0,5,1,Finished,70,196.396,1:20.305,5924.357,0 days 01:38:44.357000,84.63367142857143
1133,852,215,10,9,9.0,2,1,Finished,70,188.806,1:23.533,5959.248,0 days 01:39:19.248000,85.13211428571428
1133,840,117,8,10,10.0,1,1,Finished,70,191.547,1:22.338,5959.965,0 days 01:39:19.965000,85.14235714285715
1133,4,117,7,11,11.0,0,1,Finished,70,189.875,1:23.063,5964.449,0 days 01:39:24.449000,85.20641428571427
1133,817,215,9,12,12.0,0,11,+1 Lap,69,190.847,1:22.640,6464.253,0 days 01:47:44.253000,85.50598550724636
1133,807,210,11,13,13.0,0,11,+1 Lap,69,188.969,1:23.461,6480.972,0 days 01:48:00.972000,85.72714492753623
1133,848,3,13,14,14.0,0,11,+1 Lap,69,187.913,1:23.930,6484.9,0 days 01:48:04.900000,85.77910144927536
1133,825,210,15,15,15.0,0,11,+1 Lap,69,188.761,1:23.553,6494.249,0 days 01:48:14.249000,85.90276811594204
1133,822,15,12,16,16.0,0,11,+1 Lap,69,190.496,1:22.792,6494.367,0 days 01:48:14.367000,85.9043188405797
1133,858,3,14,17,17.0,0,11,+1 Lap,69,195.772,1:20.561,6502.235,0 days 01:48:22.235000,86.00840579710145
1133,839,214,19,18,18.0,0,11,+1 Lap,69,193.255,1:21.610,6511.371,0 days 01:48:31.371000,86.1292463768116
1133,855,15,18,19,19.0,0,11,+1 Lap,69,188.91,1:23.487,6514.295,0 days 01:48:34.295000,86.16792753623189
1133,842,214,0,20,,0,9,Hydraulics,33,189.244,1:23.340,13100.587,0 days 03:38:20.587000,86.6440909090909
1134,1,131,3,1,1.0,25,1,Finished,44,236.415,1:46.653,4797.566,0 days 01:19:57.566000,109.0355909090909
1134,857,1,5,2,2.0,18,1,Finished,44,238.231,1:45.840,4798.213,0 days 01:19:58.213000,109.05029545454543
1134,844,6,1,3,3.0,15,1,Finished,44,235.619,1:47.013,4805.589,0 days 01:20:05.589000,109.2179318181818
1134,830,9,11,4,4.0,12,1,Finished,44,237.584,1:46.128,4806.266,0 days 01:20:06.266000,109.23331818181818
1134,846,1,4,5,5.0,10,1,Finished,44,238.856,1:45.563,4806.89,0 days 01:20:06.890000,109.2475
1134,832,6,7,6,6.0,8,1,Finished,44,237.057,1:46.364,4816.835,0 days 01:20:16.835000,109.47352272727272
1134,815,9,2,7,7.0,7,1,Finished,44,240.822,1:44.701,4840.235,0 days 01:20:40.235000,110.0053409090909
1134,4,117,8,8,8.0,4,1,Finished,44,233.356,1:48.051,4847.003,0 days 01:20:47.003000,110.15915909090909
1134,839,214,9,9,9.0,2,1,Finished,44,235.743,1:46.957,4849.592,0 days 01:20:49.592000,110.218
1134,817,215,13,10,10.0,1,1,Finished,44,234.694,1:47.435,4851.966,0 days 01:20:51.966000,110.27195454545456
1134,840,117,15,11,11.0,0,1,Finished,44,233.239,1:48.105,4860.051,0 days 01:21:00.051000,110.45570454545457
1134,848,3,10,12,12.0,0,1,Finished,44,233.475,1:47.996,4860.691,0 days 01:21:00.691000,110.47025
1134,842,214,12,13,13.0,0,1,Finished,44,234.731,1:47.418,4861.405,0 days 01:21:01.405000,110.48647727272729
1134,825,210,17,14,14.0,0,1,Finished,44,233.795,1:47.848,4863.671,0 days 01:21:03.671000,110.53797727272728
1134,822,15,14,15,15.0,0,1,Finished,44,235.606,1:47.019,4867.678,0 days 01:21:07.678000,110.62904545454543
1134,852,215,20,16,16.0,0,1,Finished,44,233.533,1:47.969,4873.777,0 days 01:21:13.777000,110.76765909090908
1134,858,3,18,17,17.0,0,1,Finished,44,234.574,1:47.490,4883.097,0 days 01:21:23.097000,110.97947727272728
1134,807,210,16,18,18.0,0,1,Finished,44,231.422,1:48.954,4885.873,0 days 01:21:25.873000,111.04256818181815
1134,855,15,19,19,,0,31,Retired,5,224.929,1:52.099,12900.617,0 days 03:35:00.617000,132.0702
1134,847,131,6,20,,0,2,Disqualified,44,235.399,1:47.113,5036.892,0 days 01:23:56.892000,109.02363636363636
1135,846,1,1,1,1.0,26,1,Finished,72,207.708,1:13.817,5445.519,0 days 01:30:45.519000,75.63220833333334
1135,830,9,2,2,2.0,18,1,Finished,72,205.11,1:14.752,5468.415,0 days 01:31:08.415000,75.95020833333334
1135,844,6,6,3,3.0,15,1,Finished,72,205.569,1:14.585,5470.958,0 days 01:31:10.958000,75.98552777777778
1135,857,1,3,4,4.0,12,1,Finished,72,206.533,1:14.237,5472.856,0 days 01:31:12.856000,76.01188888888889
1135,832,6,10,5,5.0,10,1,Finished,72,206.867,1:14.117,5477.656,0 days 01:31:17.656000,76.07855555555555
1135,815,9,5,6,6.0,8,1,Finished,72,205.563,1:14.587,5485.061,0 days 01:31:25.061000,76.18140277777778
1135,847,131,4,7,7.0,6,1,Finished,72,207.399,1:13.927,5490.136,0 days 01:31:30.136000,76.2518888888889
1135,1,131,14,8,8.0,4,1,Finished,72,207.536,1:13.878,5495.118,0 days 01:31:35.118000,76.32108333333333
1135,842,214,9,9,9.0,2,11,+1 Lap,71,204.828,1:14.855,5973.417,0 days 01:39:33.417000,76.81863380281689
1135,4,117,7,10,10.0,1,11,+1 Lap,71,205.093,1:14.758,5978.815,0 days 01:39:38.815000,76.88805633802816
1135,807,210,12,11,11.0,0,11,+1 Lap,71,202.656,1:15.657,5985.037,0 days 01:39:45.037000,76.96807042253522
1135,817,215,13,12,12.0,0,11,+1 Lap,71,203.828,1:15.222,5987.067,0 days 01:39:47.067000,76.9941690140845
1135,840,117,8,13,13.0,0,11,+1 Lap,71,203.739,1:15.255,5986.678,0 days 01:39:46.678000,76.98916901408451
1135,848,3,19,14,14.0,0,11,+1 Lap,71,205.986,1:14.434,6008.581,0 days 01:40:08.581000,77.27084507042252
1135,839,214,15,15,15.0,0,11,+1 Lap,71,203.374,1:15.390,6015.335,0 days 01:40:15.335000,77.35770422535211
1135,858,3,18,16,16.0,0,11,+1 Lap,71,202.973,1:15.539,6034.678,0 days 01:40:34.678000,77.60645070422535
1135,852,215,11,17,17.0,0,11,+1 Lap,71,202.938,1:15.552,6035.342,0 days 01:40:35.342000,77.615
1135,825,210,0,18,18.0,0,11,+1 Lap,71,204.557,1:14.954,6035.957,0 days 01:40:35.957000,77.6229014084507
1135,822,15,16,19,19.0,0,12,+2 Laps,70,202.215,1:15.822,6220.935,0 days 01:43:40.935000,77.83952857142857
1135,855,15,17,20,20.0,0,12,+2 Laps,70,202.477,1:15.724,6258.35,0 days 01:44:18.350000,78.30768571428571
1136,844,6,4,1,1.0,25,1,Finished,53,250.58,1:23.226,4480.727,0 days 01:14:40.727000,84.54201886792453
1136,857,1,2,2,2.0,18,1,Finished,53,254.503,1:21.943,4483.391,0 days 01:14:43.391000,84.59228301886792
1136,846,1,1,3,3.0,16,1,Finished,53,256.1,1:21.432,4486.88,0 days 01:14:46.880000,84.65811320754717
1136,832,6,5,4,4.0,12,1,Finished,53,250.601,1:23.219,4496.348,0 days 01:14:56.348000,84.83675471698113
1136,1,131,6,5,5.0,10,1,Finished,53,255.849,1:21.512,4503.547,0 days 01:15:03.547000,84.97258490566037
1136,830,9,7,6,6.0,8,1,Finished,53,255.12,1:21.745,4518.659,0 days 01:15:18.659000,85.25771698113206
1136,847,131,3,7,7.0,6,1,Finished,53,254.215,1:22.036,4520.442,0 days 01:15:20.442000,85.29135849056604
1136,815,9,8,8,8.0,4,1,Finished,53,251.35,1:22.971,4534.875,0 days 01:15:34.875000,85.56367924528301
1136,848,3,9,9,9.0,2,1,Finished,53,248.514,1:23.918,4548.183,0 days 01:15:48.183000,85.81477358490567
1136,825,210,13,10,10.0,1,1,Finished,53,249.946,1:23.437,4539.029,0 days 01:15:39.029000,85.6420566037736
1136,4,117,11,11,11.0,0,1,Finished,53,251.432,1:22.944,4549.222,0 days 01:15:49.222000,85.83437735849056
1136,861,3,18,12,12.0,0,1,Finished,53,249.077,1:23.728,4562.035,0 days 01:16:02.035000,86.07613207547169
1136,817,215,12,13,13.0,0,1,Finished,53,247.625,1:24.219,4559.179,0 days 01:15:59.179000,86.02224528301888
1136,839,214,15,14,14.0,0,11,+1 Lap,52,247.261,1:24.343,4946.181,0 days 01:22:26.181000,86.41126923076924
1136,842,214,14,15,15.0,0,11,+1 Lap,52,248.997,1:23.755,4952.439,0 days 01:22:32.439000,86.52059615384616
1136,822,15,19,16,16.0,0,11,+1 Lap,52,249.432,1:23.609,4962.199,0 days 01:22:42.199000,86.69111538461539
1136,807,210,10,17,17.0,0,11,+1 Lap,52,250.432,1:23.275,4966.227,0 days 01:22:46.227000,86.76148076923076
1136,855,15,20,18,18.0,0,11,+1 Lap,52,245.085,1:25.092,4976.338,0 days 01:22:56.338000,86.93811538461539
1136,840,117,17,19,19.0,0,11,+1 Lap,52,253.609,1:22.232,4980.139,0 days 01:23:00.139000,87.00451923076922
1136,852,215,16,20,,0,25,Overheating,7,241.94,1:26.198,11713.8,0 days 03:15:13.800000,90.95271428571428
1137,857,1,2,1,1.0,25,1,Finished,51,201.856,1:47.060,5578.007,0 days 01:32:58.007000,109.3726862745098
1137,844,6,1,2,2.0,18,1,Finished,51,201.843,1:47.067,5588.917,0 days 01:33:08.917000,109.58660784313726
1137,847,131,5,3,3.0,15,1,Finished,51,202.674,1:46.628,5609.335,0 days 01:33:29.335000,109.98696078431372
1137,846,1,15,4,4.0,13,1,Finished,51,205.318,1:45.255,5614.15,0 days 01:33:34.150000,110.0813725490196
1137,830,9,6,5,5.0,10,1,Finished,51,202.352,1:46.798,5655.105,0 days 01:34:15.105000,110.88441176470587
1137,4,117,7,6,6.0,8,1,Finished,51,201.862,1:47.057,5663.475,0 days 01:34:23.475000,111.04852941176472
1137,848,3,9,7,7.0,6,1,Finished,51,202.07,1:46.947,5665.403,0 days 01:34:25.403000,111.08633333333334
1137,861,3,8,8,8.0,4,1,Finished,51,201.454,1:47.274,5667.548,0 days 01:34:27.548000,111.12839215686274
1137,1,131,0,9,9.0,2,1,Finished,51,201.525,1:47.236,5670.408,0 days 01:34:30.408000,111.1844705882353
1137,860,210,10,10,10.0,1,1,Finished,51,201.879,1:47.048,5671.134,0 days 01:34:31.134000,111.19870588235294
1137,807,210,12,11,11.0,0,1,Finished,51,200.674,1:47.691,5671.472,0 days 01:34:31.472000,111.20533333333331
1137,842,214,18,12,12.0,0,1,Finished,51,200.066,1:48.018,5695.196,0 days 01:34:55.196000,111.67050980392156
1137,817,215,14,13,13.0,0,1,Finished,51,199.398,1:48.380,5724.914,0 days 01:35:24.914000,112.2532156862745
1137,855,15,17,14,14.0,0,1,Finished,51,200.761,1:47.644,5726.848,0 days 01:35:26.848000,112.29113725490195
1137,839,214,0,15,15.0,0,11,+1 Lap,50,198.572,1:48.831,6168.245,0 days 01:42:48.245000,111.98702
1137,822,15,16,16,16.0,0,11,+1 Lap,50,199.328,1:48.418,6172.708,0 days 01:42:52.708000,112.06804
1137,815,9,4,17,17.0,0,31,Retired,49,201.945,1:47.013,6147.613,0 days 01:42:27.613000,108.5958775510204
1137,832,6,3,18,18.0,0,31,Retired,49,202.223,1:46.866,6148.271,0 days 01:42:28.271000,108.60751020408163
1137,840,117,13,19,19.0,0,31,Retired,45,199.826,1:48.148,6971.506,0 days 01:56:11.506000,111.13511111111112
1137,852,215,11,20,,0,31,Retired,14,194.89,1:50.887,12767.945,0 days 03:32:47.945000,115.90364285714286
1138,846,1,1,1,1.0,25,1,Finished,62,187.347,1:34.925,6052.571,0 days 01:40:52.571000,97.6221129032258
1138,830,9,2,2,2.0,18,1,Finished,62,185.313,1:35.967,6073.516,0 days 01:41:13.516000,97.95993548387096
1138,857,1,5,3,3.0,15,1,Finished,62,185.743,1:35.745,6094.394,0 days 01:41:34.394000,98.29667741935484
1138,847,131,4,4,4.0,12,1,Finished,62,183.251,1:37.047,6113.611,0 days 01:41:53.611000,98.60662903225806
1138,844,6,9,5,5.0,10,1,Finished,62,186.471,1:35.371,6115.001,0 days 01:41:55.001000,98.62904838709676
1138,1,131,3,6,6.0,8,1,Finished,62,182.6,1:37.393,6137.819,0 days 01:42:17.819000,98.99708064516128
1138,832,6,10,7,7.0,6,1,Finished,62,184.173,1:36.561,6148.61,0 days 01:42:28.610000,99.17112903225808
1138,4,117,7,8,8.0,4,11,+1 Lap,61,181.95,1:37.741,6644.895,0 days 01:50:44.895000,99.2367868852459
1138,807,210,6,9,9.0,2,11,+1 Lap,61,182.456,1:37.470,6647.384,0 days 01:50:47.384000,99.27395081967214
1138,815,9,13,10,10.0,1,11,+1 Lap,61,182.443,1:37.477,6649.013,0 days 01:50:49.013000,99.2982786885246
1138,861,3,12,11,11.0,0,11,+1 Lap,61,182.846,1:37.262,6650.835,0 days 01:50:50.835000,99.32549180327868
1138,852,215,8,12,12.0,0,11,+1 Lap,61,184.494,1:36.393,6653.588,0 days 01:50:53.588000,99.36660655737704
1138,839,214,15,13,13.0,0,11,+1 Lap,61,181.536,1:37.964,6692.241,0 days 01:51:32.241000,99.94386885245902
1138,840,117,17,14,14.0,0,11,+1 Lap,61,181.745,1:37.851,6696.156,0 days 01:51:36.156000,100.00232786885246
1138,855,15,20,15,15.0,0,11,+1 Lap,61,182.472,1:37.461,6706.748,0 days 01:51:46.748000,100.16050819672132
1138,822,15,19,16,16.0,0,11,+1 Lap,61,182.355,1:37.524,6707.416,0 days 01:51:47.416000,100.17049180327868
1138,842,214,18,17,17.0,0,11,+1 Lap,61,183.478,1:36.927,6708.766,0 days 01:51:48.766000,100.19065573770492
1138,817,215,16,18,18.0,0,11,+1 Lap,61,188.218,1:34.486,6742.506,0 days 01:52:22.506000,100.69454098360656
1138,825,210,14,19,19.0,0,3,Accident,57,182.54,1:37.425,7586.067,0 days 02:06:26.067000,101.96326315789472
1138,848,3,11,20,,0,131,Power Unit,15,183.552,1:36.888,15869.228,0 days 04:24:29.228000,104.04686666666666
1139,844,6,4,1,1.0,25,1,Finished,56,202.861,1:37.834,5709.639,0 days 01:35:09.639000,101.95783928571429
1139,832,6,3,2,2.0,18,1,Finished,56,203.009,1:37.763,5718.201,0 days 01:35:18.201000,102.11073214285716
1139,830,9,2,3,3.0,15,1,Finished,56,202.276,1:38.117,5729.051,0 days 01:35:29.051000,102.30448214285715
1139,846,1,1,4,4.0,12,1,Finished,56,203.183,1:37.679,5724.993,0 days 01:35:24.993000,102.23201785714286
1139,857,1,5,5,5.0,10,1,Finished,56,202.76,1:37.883,5731.56,0 days 01:35:31.560000,102.34928571428571
1139,847,131,20,6,6.0,8,1,Finished,56,203.231,1:37.656,5765.934,0 days 01:36:05.934000,102.96310714285714
1139,815,9,9,7,7.0,6,1,Finished,56,201.461,1:38.514,5768.711,0 days 01:36:08.711000,103.01269642857145
1139,807,210,11,8,8.0,4,1,Finished,56,201.686,1:38.404,5772.596,0 days 01:36:12.596000,103.08207142857142
1139,859,215,19,9,9.0,2,1,Finished,56,202.33,1:38.091,5780.202,0 days 01:36:20.202000,103.21789285714286
1139,861,3,15,10,10.0,1,1,Finished,56,203.325,1:37.611,5781.618,0 days 01:36:21.618000,103.24317857142856
1139,825,210,8,11,11.0,0,1,Finished,56,202.085,1:38.210,5789.421,0 days 01:36:29.421000,103.38251785714286
1139,842,214,6,12,12.0,0,1,Finished,56,201.877,1:38.311,5795.197,0 days 01:36:35.197000,103.48566071428571
1139,4,117,7,13,13.0,0,11,+1 Lap,55,199.945,1:39.261,6280.425,0 days 01:44:40.425000,103.843
1139,852,215,10,14,14.0,0,11,+1 Lap,55,200.082,1:39.193,6282.059,0 days 01:44:42.059000,103.87001818181818
1139,840,117,13,15,15.0,0,11,+1 Lap,55,200.04,1:39.214,6297.202,0 days 01:44:57.202000,104.1204
1139,848,3,14,16,16.0,0,11,+1 Lap,55,200.302,1:39.084,6298.421,0 days 01:44:58.421000,104.14056363636364
1139,822,15,16,17,17.0,0,11,+1 Lap,55,197.333,1:40.575,6316.28,0 days 01:45:16.280000,104.43585454545456
1139,839,214,12,18,18.0,0,11,+1 Lap,55,203.912,1:37.330,6324.835,0 days 01:45:24.835000,104.57729090909092
1139,855,15,18,19,19.0,0,11,+1 Lap,55,199.923,1:39.272,6332.673,0 days 01:45:32.673000,104.7068909090909
1139,1,131,17,20,,0,20,Spun off,1,,,16339.277,0 days 04:32:19.277000,108.064
1140,832,6,1,1,1.0,25,1,Finished,71,193.348,1:20.137,6055.8,0 days 01:40:55.800000,85.29295774647888
1140,846,1,3,2,2.0,18,1,Finished,71,194.43,1:19.691,6060.505,0 days 01:41:00.505000,85.35922535211267
1140,844,6,4,3,3.0,16,1,Finished,71,197.794,1:18.336,6090.187,0 days 01:41:30.187000,85.77728169014084
1140,1,131,6,4,4.0,12,1,Finished,71,192.785,1:20.371,6100.58,0 days 01:41:40.580000,85.92366197183098
1140,847,131,5,5,5.0,10,1,Finished,71,191.926,1:20.731,6104.336,0 days 01:41:44.336000,85.97656338028169
1140,830,9,2,6,6.0,8,1,Finished,71,191.591,1:20.872,6115.358,0 days 01:41:55.358000,86.13180281690141
1140,825,210,7,7,7.0,6,1,Finished,71,192.15,1:20.637,6119.442,0 days 01:41:59.442000,86.18932394366198
1140,857,1,17,8,8.0,4,1,Finished,71,193.525,1:20.064,6120.728,0 days 01:42:00.728000,86.20743661971831
1140,807,210,10,9,9.0,2,11,+1 Lap,70,191.885,1:20.748,6636.676,0 days 01:50:36.676000,86.55028571428572
1140,842,214,8,10,10.0,1,11,+1 Lap,70,190.643,1:21.274,6654.057,0 days 01:50:54.057000,86.77695714285714
1140,840,117,14,11,11.0,0,11,+1 Lap,70,190.557,1:21.311,6661.161,0 days 01:51:01.161000,86.8696
1140,861,3,16,12,12.0,0,11,+1 Lap,70,193.462,1:20.090,6663.817,0 days 01:51:03.817000,86.90424285714285
1140,839,214,0,13,13.0,0,11,+1 Lap,70,192.097,1:20.659,6677.144,0 days 01:51:17.144000,87.07804285714285
1140,822,15,15,14,14.0,0,11,+1 Lap,70,191.088,1:21.085,6679.953,0 days 01:51:19.953000,87.11467142857143
1140,855,15,19,15,15.0,0,11,+1 Lap,70,189.991,1:21.553,6701.308,0 days 01:51:41.308000,87.39317142857142
1140,859,215,12,16,16.0,0,11,+1 Lap,70,194.893,1:19.502,6704.314,0 days 01:51:44.314000,87.43237142857143
1140,815,9,18,17,17.0,0,11,+1 Lap,70,195.614,1:19.209,6713.974,0 days 01:51:53.974000,87.55834285714286
1140,4,117,13,18,,0,23,Brakes,15,187.306,1:22.722,19722.06,0 days 05:28:42.060000,101.74926666666668
1140,848,3,9,19,,0,4,Collision,0,,,,NaT,
1140,852,215,11,20,,0,4,Collision,0,,,,NaT,
1141,830,9,17,1,1.0,26,1,Finished,69,192.767,1:20.472,7614.43,0 days 02:06:54.430000,110.3540579710145
1141,839,214,4,2,2.0,18,1,Finished,69,189.705,1:21.771,7633.907,0 days 02:07:13.907000,110.63633333333334
1141,842,214,13,3,3.0,15,1,Finished,69,189.998,1:21.645,7636.962,0 days 02:07:16.962000,110.68060869565218
1141,847,131,2,4,4.0,12,1,Finished,69,189.998,1:21.645,7637.695,0 days 02:07:17.695000,110.69123188405796
1141,844,6,6,5,5.0,10,1,Finished,69,190.03,1:21.631,7644.607,0 days 02:07:24.607000,110.79140579710143
1141,846,1,1,6,6.0,8,1,Finished,69,190.296,1:21.517,7645.802,0 days 02:07:25.802000,110.80872463768117
1141,852,215,3,7,7.0,6,1,Finished,69,189.573,1:21.828,7656.486,0 days 02:07:36.486000,110.9635652173913
1141,857,1,8,8,8.0,4,1,Finished,69,190.261,1:21.532,7649.373,0 days 02:07:29.373000,110.86047826086956
1141,859,215,5,9,9.0,2,1,Finished,69,188.892,1:22.123,7664.882,0 days 02:07:44.882000,111.08524637681158
1141,1,131,14,10,10.0,1,1,Finished,69,189.081,1:22.041,7665.183,0 days 02:07:45.183000,111.08960869565216
1141,815,9,12,11,11.0,0,1,Finished,69,188.846,1:22.143,7665.961,0 days 02:07:45.961000,111.10088405797102
1141,860,210,15,12,12.0,0,1,Finished,69,188.042,1:22.494,7671.515,0 days 02:07:51.515000,111.1813768115942
1141,822,15,11,13,13.0,0,1,Finished,69,187.173,1:22.877,7678.018,0 days 02:07:58.018000,111.2756231884058
1141,4,117,9,14,14.0,0,1,Finished,69,188.502,1:22.293,7692.479,0 days 02:08:12.479000,111.48520289855072
1141,855,15,19,15,15.0,0,1,Finished,69,186.765,1:23.058,7694.079,0 days 02:08:14.079000,111.50839130434782
1141,832,6,0,16,,0,3,Accident,38,184.23,1:24.201,17775.697,0 days 04:56:15.697000,130.1105
1141,861,3,16,17,,0,3,Accident,30,184.022,1:24.296,13828.381,0 days 03:50:28.381000,90.27536666666668
1141,848,3,7,18,,0,54,Withdrew,0,,,,NaT,
1141,840,117,10,19,,0,54,Withdrew,0,,,,NaT,
1141,807,210,17,20,,0,2,Disqualified,0,185.191,1:23.764,2957.869,0 days 00:49:17.869000,inf
1142,847,131,1,1,1.0,25,1,Finished,50,233.225,1:35.717,4925.969,0 days 01:22:05.969000,98.51938
1142,1,131,10,2,2.0,18,1,Finished,50,233.803,1:35.480,4933.282,0 days 01:22:13.282000,98.66564
1142,832,6,2,3,3.0,15,1,Finished,50,232.84,1:35.875,4937.875,0 days 01:22:17.875000,98.7575
1142,844,6,4,4,4.0,12,1,Finished,50,233.329,1:35.674,4940.252,0 days 01:22:20.252000,98.80504
1142,830,9,5,5,5.0,10,1,Finished,50,231.938,1:36.248,4942.551,0 days 01:22:22.551000,98.85102
1142,846,1,6,6,6.0,9,1,Finished,50,235.292,1:34.876,4969.354,0 days 01:22:49.354000,99.38708
1142,857,1,8,7,7.0,6,1,Finished,50,231.097,1:36.598,4977.334,0 days 01:22:57.334000,99.54668
1142,807,210,9,8,8.0,4,1,Finished,50,231.129,1:36.585,4985.777,0 days 01:23:05.777000,99.71554
1142,852,215,7,9,9.0,2,1,Finished,50,230.242,1:36.957,4988.777,0 days 01:23:08.777000,99.77554
1142,815,9,15,10,10.0,1,1,Finished,50,231.75,1:36.326,4989.083,0 days 01:23:09.083000,99.78166
1142,4,117,16,11,11.0,0,1,Finished,50,231.205,1:36.553,4995.164,0 days 01:23:15.164000,99.90328
1142,825,210,12,12,12.0,0,1,Finished,50,231.196,1:36.557,4995.772,0 days 01:23:15.772000,99.91544
1142,855,15,13,13,13.0,0,1,Finished,50,231.755,1:36.324,5000.054,0 days 01:23:20.054000,100.00108
1142,861,3,0,14,14.0,0,1,Finished,50,230.456,1:36.867,5001.141,0 days 01:23:21.141000,100.02282
1142,840,117,18,15,15.0,0,1,Finished,50,229.716,1:37.179,5010.071,0 days 01:23:30.071000,100.20142
1142,859,215,14,16,16.0,0,1,Finished,50,230.187,1:36.980,5016.974,0 days 01:23:36.974000,100.33948
1142,839,214,11,17,17.0,0,11,+1 Lap,49,231.306,1:36.511,5430.889,0 days 01:30:30.889000,100.57202040816328
1142,822,15,19,18,18.0,0,11,+1 Lap,49,231.09,1:36.601,5441.055,0 days 01:30:41.055000,100.76028571428571
1142,848,3,17,19,,0,21,Radiator,25,227.773,1:38.008,9115.276,0 days 02:31:55.276000,101.28084
1142,842,214,3,20,,0,5,Engine,15,227.064,1:38.314,10758.811,0 days 02:59:18.811000,102.46486666666668
1143,830,9,2,1,1.0,25,1,Finished,57,235.31,1:22.905,5465.323,0 days 01:31:05.323000,95.8828596491228
1143,844,6,5,2,2.0,18,1,Finished,57,234.357,1:23.242,5471.354,0 days 01:31:11.354000,95.98866666666667
1143,857,1,4,3,3.0,15,1,Finished,57,234.425,1:23.218,5472.142,0 days 01:31:12.142000,96.00249122807016
1143,847,131,1,4,4.0,12,1,Finished,57,234.039,1:23.355,5474.427,0 days 01:31:14.427000,96.0425789473684
1143,842,214,11,5,5.0,10,1,Finished,57,233.061,1:23.705,5482.105,0 days 01:31:22.105000,96.17728070175438
1143,832,6,7,6,6.0,8,1,Finished,57,233.731,1:23.465,5482.799,0 days 01:31:22.799000,96.18945614035088
1143,4,117,8,7,7.0,6,1,Finished,57,233.167,1:23.667,5485.19,0 days 01:31:25.190000,96.23140350877192
1143,855,15,12,8,8.0,4,1,Finished,57,232.55,1:23.889,5490.683,0 days 01:31:30.683000,96.32777192982456
1143,825,210,10,9,9.0,2,1,Finished,57,231.528,1:24.259,5497.5,0 days 01:31:37.500000,96.44736842105264
1143,846,1,3,10,10.0,2,1,Finished,57,236.798,1:22.384,5501.085,0 days 01:31:41.085000,96.51026315789474
1143,822,15,13,11,11.0,0,1,Finished,57,228.08,1:25.533,5515.566,0 days 01:31:55.566000,96.76431578947368
1143,1,131,6,12,12.0,0,1,Finished,57,232.616,1:23.865,5521.445,0 days 01:32:01.445000,96.86745614035088
1143,852,215,14,13,13.0,0,1,Finished,57,226.462,1:26.144,5526.423,0 days 01:32:06.423000,96.9547894736842
1143,859,215,17,14,14.0,0,1,Finished,57,226.641,1:26.076,5527.979,0 days 01:32:07.979000,96.98208771929824
1143,848,3,16,15,15.0,0,11,+1 Lap,56,228.011,1:25.559,6022.208,0 days 01:40:22.208000,97.82664285714286
1143,807,210,18,16,,0,20,Spun off,39,227.458,1:25.767,8910.807,0 days 02:28:30.807000,98.32071794871794
1143,815,9,9,17,,0,20,Spun off,38,228.735,1:25.288,8967.13,0 days 02:29:27.130000,97.10992105263158
1143,840,117,15,18,,0,130,Collision damage,8,214.531,1:30.935,17444.396,0 days 04:50:44.396000,121.44525
1143,861,3,19,19,,0,4,Collision,0,,,,NaT,
1143,839,214,20,20,,0,4,Collision,0,,,,NaT,
1144,846,1,1,1,1.0,25,1,Finished,58,217.429,1:27.438,5193.291,0 days 01:26:33.291000,89.5395
1144,832,6,3,2,2.0,18,1,Finished,58,216.619,1:27.765,5199.123,0 days 01:26:39.123000,89.64005172413792
1144,844,6,19,3,3.0,15,1,Finished,58,215.996,1:28.018,5225.219,0 days 01:27:05.219000,90.08998275862068
1144,1,131,16,4,4.0,12,1,Finished,58,217.828,1:27.278,5229.774,0 days 01:27:09.774000,90.16851724137932
1144,847,131,6,5,5.0,10,1,Finished,58,215.563,1:28.195,5230.829,0 days 01:27:10.829000,90.18670689655173
1144,830,9,4,6,6.0,8,1,Finished,58,216.619,1:27.765,5243.138,0 days 01:27:23.138000,90.39893103448276
1144,842,214,5,7,7.0,6,1,Finished,58,213.012,1:29.251,5265.851,0 days 01:27:45.851000,90.79053448275862
1144,807,210,7,8,8.0,4,1,Finished,58,213.249,1:29.152,5268.845,0 days 01:27:48.845000,90.8421551724138
1144,4,117,8,9,9.0,2,1,Finished,58,216.168,1:27.948,5275.664,0 days 01:27:55.664000,90.95972413793103
1144,857,1,2,10,10.0,1,1,Finished,58,216.804,1:27.690,5277.112,0 days 01:27:57.112000,90.98468965517242
1144,848,3,18,11,11.0,0,11,+1 Lap,57,212.567,1:29.438,5719.518,0 days 01:35:19.518000,91.30775438596493
1144,852,215,11,12,12.0,0,11,+1 Lap,57,213.134,1:29.200,5723.35,0 days 01:35:23.350000,91.3689298245614
1144,855,15,15,13,13.0,0,11,+1 Lap,57,216.085,1:27.982,5726.17,0 days 01:35:26.170000,91.41394736842106
1144,840,117,13,14,14.0,0,11,+1 Lap,57,214.568,1:28.604,5721.96,0 days 01:35:21.960000,91.34673684210526
1144,862,214,17,15,15.0,0,11,+1 Lap,57,213.323,1:29.121,5736.336,0 days 01:35:36.336000,91.57624561403507
1144,825,210,14,16,16.0,0,11,+1 Lap,57,222.002,1:25.637,5792.428,0 days 01:36:32.428000,92.47171929824562
1144,859,215,12,17,17.0,0,5,Engine,55,214.212,1:28.751,6103.416,0 days 01:41:43.416000,92.30816363636364
1144,822,15,9,18,,0,130,Collision damage,30,212.462,1:29.482,10403.961,0 days 02:53:23.961000,94.90933333333334
1144,861,3,20,19,,0,5,Engine,26,212.631,1:29.411,11077.028,0 days 03:04:37.028000,95.01653846153846
1144,815,9,10,20,,0,4,Collision,0,,,,NaT,
